-- MySQL dump 10.13  Distrib 8.0.32, for Win64 (x86_64)
--
-- Host: i8b303.p.ssafy.io    Database: alcol
-- ------------------------------------------------------
-- Server version	8.0.32

/*!40101 SET @OLD_CHARACTER_SET_CLIENT=@@CHARACTER_SET_CLIENT */;
/*!40101 SET @OLD_CHARACTER_SET_RESULTS=@@CHARACTER_SET_RESULTS */;
/*!40101 SET @OLD_COLLATION_CONNECTION=@@COLLATION_CONNECTION */;
/*!50503 SET NAMES utf8 */;
/*!40103 SET @OLD_TIME_ZONE=@@TIME_ZONE */;
/*!40103 SET TIME_ZONE='+00:00' */;
/*!40014 SET @OLD_UNIQUE_CHECKS=@@UNIQUE_CHECKS, UNIQUE_CHECKS=0 */;
/*!40014 SET @OLD_FOREIGN_KEY_CHECKS=@@FOREIGN_KEY_CHECKS, FOREIGN_KEY_CHECKS=0 */;
/*!40101 SET @OLD_SQL_MODE=@@SQL_MODE, SQL_MODE='NO_AUTO_VALUE_ON_ZERO' */;
/*!40111 SET @OLD_SQL_NOTES=@@SQL_NOTES, SQL_NOTES=0 */;

--
-- Table structure for table `battle_log_tb`
--

DROP TABLE IF EXISTS `battle_log_tb`;
/*!40101 SET @saved_cs_client     = @@character_set_client */;
/*!50503 SET character_set_client = utf8mb4 */;
CREATE TABLE `battle_log_tb` (
  `battle_log_no` int NOT NULL AUTO_INCREMENT,
  `my_user_id` varchar(200) NOT NULL,
  `other_user_id` varchar(200) NOT NULL,
  `battle_mode` varchar(20) NOT NULL,
  `prob_no` int NOT NULL,
  `battle_result` int NOT NULL,
  `end_time` datetime NOT NULL,
  `up_down_mmr` int NOT NULL,
  `now_mmr` int NOT NULL,
  PRIMARY KEY (`battle_log_no`)
) ENGINE=InnoDB AUTO_INCREMENT=372 DEFAULT CHARSET=utf8mb4 COLLATE=utf8mb4_0900_ai_ci;
/*!40101 SET character_set_client = @saved_cs_client */;

--
-- Dumping data for table `battle_log_tb`
--

LOCK TABLES `battle_log_tb` WRITE;
/*!40000 ALTER TABLE `battle_log_tb` DISABLE KEYS */;
INSERT INTO `battle_log_tb` VALUES (332,'dcbd8079-ef96-4527-955e-360682cc649e','ba3dd473-8221-4128-82a6-7cca6517cdc1','speed',5,2,'2023-02-16 02:47:45',-1,1199),(333,'ba3dd473-8221-4128-82a6-7cca6517cdc1','dcbd8079-ef96-4527-955e-360682cc649e','speed',5,2,'2023-02-16 02:47:45',0,1202),(334,'fad5c555-5ba4-4062-9282-31c7a6407ea4','ba3dd473-8221-4128-82a6-7cca6517cdc1','speed',5,2,'2023-02-16 02:50:04',0,1200),(335,'ba3dd473-8221-4128-82a6-7cca6517cdc1','fad5c555-5ba4-4062-9282-31c7a6407ea4','speed',5,2,'2023-02-16 02:50:04',0,1200),(336,'ba3dd473-8221-4128-82a6-7cca6517cdc1','d915085e-8e8d-4318-8789-ceb870177b6b','speed',5,2,'2023-02-16 02:58:36',0,1200),(337,'d915085e-8e8d-4318-8789-ceb870177b6b','ba3dd473-8221-4128-82a6-7cca6517cdc1','speed',5,2,'2023-02-16 02:58:36',0,1200),(338,'ba3dd473-8221-4128-82a6-7cca6517cdc1','fc24f030-24aa-432d-97c9-32d194df265d','speed',5,2,'2023-02-16 03:03:47',0,1200),(339,'fc24f030-24aa-432d-97c9-32d194df265d','ba3dd473-8221-4128-82a6-7cca6517cdc1','speed',5,2,'2023-02-16 03:03:47',0,1200),(340,'fad5c555-5ba4-4062-9282-31c7a6407ea4','ba3dd473-8221-4128-82a6-7cca6517cdc1','speed',3,2,'2023-02-16 13:23:47',0,1200),(341,'ba3dd473-8221-4128-82a6-7cca6517cdc1','fad5c555-5ba4-4062-9282-31c7a6407ea4','speed',3,2,'2023-02-16 13:23:47',0,1200),(342,'bfc3dcf9-ea34-4678-b923-7a45e02f9013','06c6f31a-f7d5-436b-9093-cff4f6b679cf','speed',1,1,'2023-02-16 14:11:30',15,1215),(343,'06c6f31a-f7d5-436b-9093-cff4f6b679cf','bfc3dcf9-ea34-4678-b923-7a45e02f9013','speed',1,0,'2023-02-16 14:11:30',-15,1185),(344,'fad5c555-5ba4-4062-9282-31c7a6407ea4','ba3dd473-8221-4128-82a6-7cca6517cdc1','speed',1,2,'2023-02-16 14:57:50',0,1200),(345,'ba3dd473-8221-4128-82a6-7cca6517cdc1','fad5c555-5ba4-4062-9282-31c7a6407ea4','speed',1,2,'2023-02-16 14:57:50',0,1200),(346,'ba3dd473-8221-4128-82a6-7cca6517cdc1','d915085e-8e8d-4318-8789-ceb870177b6b','speed',1,1,'2023-02-16 17:26:09',15,1215),(347,'d915085e-8e8d-4318-8789-ceb870177b6b','ba3dd473-8221-4128-82a6-7cca6517cdc1','speed',1,0,'2023-02-16 17:26:09',-15,1185),(348,'d915085e-8e8d-4318-8789-ceb870177b6b','ba3dd473-8221-4128-82a6-7cca6517cdc1','speed',1,1,'2023-02-16 17:27:04',15,1230),(349,'ba3dd473-8221-4128-82a6-7cca6517cdc1','d915085e-8e8d-4318-8789-ceb870177b6b','speed',1,0,'2023-02-16 17:27:04',-15,1200),(350,'e8c4c180-55d5-49cd-a1ee-985c2b4826a0','c9b41204-4204-48d7-86b4-3fdb6133b295','speed',1,2,'2023-02-16 20:37:46',0,1200),(351,'c9b41204-4204-48d7-86b4-3fdb6133b295','e8c4c180-55d5-49cd-a1ee-985c2b4826a0','speed',1,2,'2023-02-16 20:37:46',0,1200),(352,'ba3dd473-8221-4128-82a6-7cca6517cdc1','fad5c555-5ba4-4062-9282-31c7a6407ea4','speed',1,1,'2023-02-16 22:19:12',15,1215),(353,'fad5c555-5ba4-4062-9282-31c7a6407ea4','ba3dd473-8221-4128-82a6-7cca6517cdc1','speed',1,0,'2023-02-16 22:19:12',-15,1185),(354,'ba3dd473-8221-4128-82a6-7cca6517cdc1','dcbd8079-ef96-4527-955e-360682cc649e','speed',1,1,'2023-02-17 00:52:08',14,1229),(355,'dcbd8079-ef96-4527-955e-360682cc649e','ba3dd473-8221-4128-82a6-7cca6517cdc1','speed',1,0,'2023-02-17 00:52:08',-15,1184),(356,'235ba7ae-ba73-4cc4-a5e6-46177f7d5139','f63605d3-60b7-4fd7-aca8-2550b86a9b09','speed',1,1,'2023-02-17 02:43:50',15,1215),(357,'f63605d3-60b7-4fd7-aca8-2550b86a9b09','235ba7ae-ba73-4cc4-a5e6-46177f7d5139','speed',1,0,'2023-02-17 02:43:50',-15,1185),(358,'d915085e-8e8d-4318-8789-ceb870177b6b','ba3dd473-8221-4128-82a6-7cca6517cdc1','speed',9,1,'2023-02-17 09:30:43',15,1244),(359,'ba3dd473-8221-4128-82a6-7cca6517cdc1','d915085e-8e8d-4318-8789-ceb870177b6b','speed',9,0,'2023-02-17 09:30:43',-15,1214),(360,'fad5c555-5ba4-4062-9282-31c7a6407ea4','ba3dd473-8221-4128-82a6-7cca6517cdc1','speed',1,1,'2023-02-17 09:50:10',16,1201),(361,'ba3dd473-8221-4128-82a6-7cca6517cdc1','fad5c555-5ba4-4062-9282-31c7a6407ea4','speed',1,0,'2023-02-17 09:50:10',-17,1197),(362,'ba3dd473-8221-4128-82a6-7cca6517cdc1','fad5c555-5ba4-4062-9282-31c7a6407ea4','speed',1,1,'2023-02-17 09:57:32',15,1212),(363,'fad5c555-5ba4-4062-9282-31c7a6407ea4','ba3dd473-8221-4128-82a6-7cca6517cdc1','speed',1,0,'2023-02-17 09:57:32',-16,1185),(364,'fad5c555-5ba4-4062-9282-31c7a6407ea4','ba3dd473-8221-4128-82a6-7cca6517cdc1','speed',1,1,'2023-02-17 09:59:53',15,1200),(365,'ba3dd473-8221-4128-82a6-7cca6517cdc1','fad5c555-5ba4-4062-9282-31c7a6407ea4','speed',1,0,'2023-02-17 09:59:53',-15,1170),(366,'ba3dd473-8221-4128-82a6-7cca6517cdc1','fad5c555-5ba4-4062-9282-31c7a6407ea4','speed',1,1,'2023-02-17 10:05:20',15,1185),(367,'fad5c555-5ba4-4062-9282-31c7a6407ea4','ba3dd473-8221-4128-82a6-7cca6517cdc1','speed',1,0,'2023-02-17 10:05:20',-15,1155),(368,'fad5c555-5ba4-4062-9282-31c7a6407ea4','ba3dd473-8221-4128-82a6-7cca6517cdc1','speed',1,1,'2023-02-17 10:18:28',15,1200),(369,'ba3dd473-8221-4128-82a6-7cca6517cdc1','fad5c555-5ba4-4062-9282-31c7a6407ea4','speed',1,0,'2023-02-17 10:18:28',-15,1170),(370,'ba3dd473-8221-4128-82a6-7cca6517cdc1','fc24f030-24aa-432d-97c9-32d194df265d','speed',1,1,'2023-02-17 10:27:27',16,1186),(371,'fc24f030-24aa-432d-97c9-32d194df265d','ba3dd473-8221-4128-82a6-7cca6517cdc1','speed',1,0,'2023-02-17 10:27:27',-17,1183);
/*!40000 ALTER TABLE `battle_log_tb` ENABLE KEYS */;
UNLOCK TABLES;

--
-- Table structure for table `battle_prob_submit_log_tb`
--

DROP TABLE IF EXISTS `battle_prob_submit_log_tb`;
/*!40101 SET @saved_cs_client     = @@character_set_client */;
/*!50503 SET character_set_client = utf8mb4 */;
CREATE TABLE `battle_prob_submit_log_tb` (
  `battle_prob_submit_log_no` int NOT NULL AUTO_INCREMENT,
  `battle_log_no` int NOT NULL,
  `is_correct` int NOT NULL,
  `prob_running_time` int NOT NULL,
  `prob_running_memory` int NOT NULL,
  `submit_time` datetime NOT NULL,
  PRIMARY KEY (`battle_prob_submit_log_no`),
  KEY `battle_log_no` (`battle_log_no`),
  CONSTRAINT `battle_prob_submit_log_tb_ibfk_1` FOREIGN KEY (`battle_log_no`) REFERENCES `battle_log_tb` (`battle_log_no`)
) ENGINE=InnoDB AUTO_INCREMENT=973 DEFAULT CHARSET=utf8mb4 COLLATE=utf8mb4_0900_ai_ci;
/*!40101 SET character_set_client = @saved_cs_client */;

--
-- Dumping data for table `battle_prob_submit_log_tb`
--

LOCK TABLES `battle_prob_submit_log_tb` WRITE;
/*!40000 ALTER TABLE `battle_prob_submit_log_tb` DISABLE KEYS */;
INSERT INTO `battle_prob_submit_log_tb` VALUES (164,335,0,113,36409344,'2023-02-16 02:50:04'),(165,336,0,160,39510016,'2023-02-16 02:58:36'),(166,338,0,0,0,'2023-02-16 03:03:47'),(167,338,0,0,0,'2023-02-16 03:03:47'),(168,338,0,0,0,'2023-02-16 03:03:47'),(169,338,0,0,0,'2023-02-16 03:03:47'),(170,338,0,0,0,'2023-02-16 03:03:47'),(171,338,0,0,0,'2023-02-16 03:03:47'),(172,338,0,0,0,'2023-02-16 03:03:47'),(173,338,0,0,0,'2023-02-16 03:03:47'),(174,338,0,0,0,'2023-02-16 03:03:47'),(175,338,0,0,0,'2023-02-16 03:03:47'),(176,338,0,0,0,'2023-02-16 03:03:47'),(177,338,0,0,0,'2023-02-16 03:03:47'),(178,338,0,0,0,'2023-02-16 03:03:47'),(179,338,0,0,0,'2023-02-16 03:03:47'),(180,338,0,0,0,'2023-02-16 03:03:47'),(181,338,0,0,0,'2023-02-16 03:03:47'),(182,338,0,0,0,'2023-02-16 03:03:47'),(183,338,0,0,0,'2023-02-16 03:03:47'),(184,338,0,0,0,'2023-02-16 03:03:47'),(185,338,0,0,0,'2023-02-16 03:03:47'),(186,338,0,0,0,'2023-02-16 03:03:47'),(187,338,0,0,0,'2023-02-16 03:03:47'),(188,338,0,0,0,'2023-02-16 03:03:47'),(189,338,0,0,0,'2023-02-16 03:03:47'),(190,338,0,0,0,'2023-02-16 03:03:47'),(191,338,0,0,0,'2023-02-16 03:03:47'),(192,338,0,0,0,'2023-02-16 03:03:47'),(193,338,0,0,0,'2023-02-16 03:03:47'),(194,338,0,0,0,'2023-02-16 03:03:47'),(195,338,0,0,0,'2023-02-16 03:03:47'),(196,338,0,0,0,'2023-02-16 03:03:47'),(197,338,0,0,0,'2023-02-16 03:03:47'),(198,338,0,0,0,'2023-02-16 03:03:47'),(199,338,0,0,0,'2023-02-16 03:03:47'),(200,338,0,0,0,'2023-02-16 03:03:47'),(201,338,0,0,0,'2023-02-16 03:03:47'),(202,338,0,0,0,'2023-02-16 03:03:47'),(203,338,0,0,0,'2023-02-16 03:03:47'),(204,338,0,0,0,'2023-02-16 03:03:47'),(205,338,0,0,0,'2023-02-16 03:03:47'),(206,338,0,0,0,'2023-02-16 03:03:47'),(207,338,0,0,0,'2023-02-16 03:03:47'),(208,338,0,0,0,'2023-02-16 03:03:47'),(209,338,0,0,0,'2023-02-16 03:03:47'),(210,338,0,0,0,'2023-02-16 03:03:47'),(211,338,0,0,0,'2023-02-16 03:03:47'),(212,338,0,0,0,'2023-02-16 03:03:47'),(213,338,0,0,0,'2023-02-16 03:03:47'),(214,338,0,0,0,'2023-02-16 03:03:47'),(215,338,0,0,0,'2023-02-16 03:03:47'),(216,338,0,0,0,'2023-02-16 03:03:47'),(217,338,0,0,0,'2023-02-16 03:03:47'),(218,338,0,0,0,'2023-02-16 03:03:47'),(219,338,0,0,0,'2023-02-16 03:03:47'),(220,338,0,0,0,'2023-02-16 03:03:47'),(221,338,0,0,0,'2023-02-16 03:03:47'),(222,338,0,0,0,'2023-02-16 03:03:47'),(223,338,0,0,0,'2023-02-16 03:03:47'),(224,338,0,0,0,'2023-02-16 03:03:47'),(225,338,0,0,0,'2023-02-16 03:03:47'),(226,338,0,0,0,'2023-02-16 03:03:47'),(227,338,0,0,0,'2023-02-16 03:03:47'),(228,338,0,0,0,'2023-02-16 03:03:47'),(229,338,0,0,0,'2023-02-16 03:03:47'),(230,338,0,0,0,'2023-02-16 03:03:47'),(231,338,0,0,0,'2023-02-16 03:03:47'),(232,338,0,0,0,'2023-02-16 03:03:47'),(233,338,0,0,0,'2023-02-16 03:03:47'),(234,338,0,0,0,'2023-02-16 03:03:47'),(235,338,0,0,0,'2023-02-16 03:03:47'),(236,338,0,0,0,'2023-02-16 03:03:47'),(237,338,0,0,0,'2023-02-16 03:03:47'),(238,338,0,0,0,'2023-02-16 03:03:47'),(239,338,0,0,0,'2023-02-16 03:03:47'),(240,338,0,0,0,'2023-02-16 03:03:47'),(241,338,0,0,0,'2023-02-16 03:03:47'),(242,338,0,0,0,'2023-02-16 03:03:47'),(243,338,0,0,0,'2023-02-16 03:03:47'),(244,338,0,0,0,'2023-02-16 03:03:47'),(245,338,0,0,0,'2023-02-16 03:03:47'),(246,338,0,0,0,'2023-02-16 03:03:47'),(247,338,0,0,0,'2023-02-16 03:03:47'),(248,338,0,0,0,'2023-02-16 03:03:47'),(249,338,0,0,0,'2023-02-16 03:03:47'),(250,338,0,0,0,'2023-02-16 03:03:47'),(251,338,0,0,0,'2023-02-16 03:03:47'),(252,338,0,0,0,'2023-02-16 03:03:47'),(253,338,0,0,0,'2023-02-16 03:03:47'),(254,338,0,0,0,'2023-02-16 03:03:47'),(255,338,0,0,0,'2023-02-16 03:03:47'),(256,338,0,0,0,'2023-02-16 03:03:47'),(257,338,0,0,0,'2023-02-16 03:03:47'),(258,338,0,0,0,'2023-02-16 03:03:47'),(259,338,0,0,0,'2023-02-16 03:03:47'),(260,338,0,0,0,'2023-02-16 03:03:47'),(261,338,0,0,0,'2023-02-16 03:03:47'),(262,338,0,0,0,'2023-02-16 03:03:47'),(263,338,0,0,0,'2023-02-16 03:03:47'),(264,338,0,0,0,'2023-02-16 03:03:47'),(265,338,0,0,0,'2023-02-16 03:03:47'),(266,338,0,0,0,'2023-02-16 03:03:47'),(267,338,0,0,0,'2023-02-16 03:03:47'),(268,338,0,0,0,'2023-02-16 03:03:47'),(269,338,0,0,0,'2023-02-16 03:03:47'),(270,338,0,0,0,'2023-02-16 03:03:47'),(271,338,0,0,0,'2023-02-16 03:03:47'),(272,338,0,0,0,'2023-02-16 03:03:47'),(273,338,0,0,0,'2023-02-16 03:03:47'),(274,338,0,0,0,'2023-02-16 03:03:47'),(275,338,0,0,0,'2023-02-16 03:03:47'),(276,338,0,0,0,'2023-02-16 03:03:47'),(277,338,0,0,0,'2023-02-16 03:03:47'),(278,338,0,0,0,'2023-02-16 03:03:47'),(279,338,0,0,0,'2023-02-16 03:03:47'),(280,338,0,0,0,'2023-02-16 03:03:47'),(281,338,0,0,0,'2023-02-16 03:03:47'),(282,338,0,0,0,'2023-02-16 03:03:47'),(283,338,0,0,0,'2023-02-16 03:03:47'),(284,338,0,0,0,'2023-02-16 03:03:47'),(285,338,0,0,0,'2023-02-16 03:03:47'),(286,338,0,0,0,'2023-02-16 03:03:47'),(287,338,0,0,0,'2023-02-16 03:03:47'),(288,338,0,0,0,'2023-02-16 03:03:47'),(289,338,0,0,0,'2023-02-16 03:03:47'),(290,338,0,0,0,'2023-02-16 03:03:47'),(291,338,0,0,0,'2023-02-16 03:03:47'),(292,338,0,0,0,'2023-02-16 03:03:47'),(293,338,0,0,0,'2023-02-16 03:03:47'),(294,338,0,0,0,'2023-02-16 03:03:47'),(295,338,0,0,0,'2023-02-16 03:03:47'),(296,338,0,0,0,'2023-02-16 03:03:47'),(297,338,0,0,0,'2023-02-16 03:03:47'),(298,338,0,0,0,'2023-02-16 03:03:47'),(299,338,0,0,0,'2023-02-16 03:03:47'),(300,338,0,0,0,'2023-02-16 03:03:47'),(301,338,0,0,0,'2023-02-16 03:03:47'),(302,338,0,0,0,'2023-02-16 03:03:47'),(303,338,0,0,0,'2023-02-16 03:03:47'),(304,338,0,0,0,'2023-02-16 03:03:47'),(305,338,0,0,0,'2023-02-16 03:03:47'),(306,338,0,0,0,'2023-02-16 03:03:47'),(307,338,0,0,0,'2023-02-16 03:03:47'),(308,338,0,0,0,'2023-02-16 03:03:47'),(309,338,0,0,0,'2023-02-16 03:03:47'),(310,338,0,0,0,'2023-02-16 03:03:47'),(311,338,0,0,0,'2023-02-16 03:03:47'),(312,338,0,0,0,'2023-02-16 03:03:47'),(313,338,0,0,0,'2023-02-16 03:03:47'),(314,338,0,0,0,'2023-02-16 03:03:47'),(315,338,0,0,0,'2023-02-16 03:03:47'),(316,338,0,0,0,'2023-02-16 03:03:47'),(317,338,0,0,0,'2023-02-16 03:03:47'),(318,338,0,0,0,'2023-02-16 03:03:47'),(319,338,0,0,0,'2023-02-16 03:03:47'),(320,338,0,0,0,'2023-02-16 03:03:47'),(321,338,0,0,0,'2023-02-16 03:03:47'),(322,338,0,0,0,'2023-02-16 03:03:47'),(323,338,0,0,0,'2023-02-16 03:03:47'),(324,338,0,0,0,'2023-02-16 03:03:47'),(325,338,0,0,0,'2023-02-16 03:03:47'),(326,338,0,0,0,'2023-02-16 03:03:47'),(327,338,0,0,0,'2023-02-16 03:03:47'),(328,338,0,0,0,'2023-02-16 03:03:47'),(329,338,0,0,0,'2023-02-16 03:03:47'),(330,338,0,0,0,'2023-02-16 03:03:47'),(331,338,0,0,0,'2023-02-16 03:03:47'),(332,338,0,0,0,'2023-02-16 03:03:47'),(333,338,0,0,0,'2023-02-16 03:03:47'),(334,338,0,0,0,'2023-02-16 03:03:47'),(335,338,0,0,0,'2023-02-16 03:03:47'),(336,338,0,0,0,'2023-02-16 03:03:47'),(337,338,0,0,0,'2023-02-16 03:03:47'),(338,338,0,0,0,'2023-02-16 03:03:47'),(339,338,0,0,0,'2023-02-16 03:03:47'),(340,338,0,0,0,'2023-02-16 03:03:47'),(341,338,0,0,0,'2023-02-16 03:03:47'),(342,338,0,0,0,'2023-02-16 03:03:47'),(343,338,0,0,0,'2023-02-16 03:03:47'),(344,338,0,0,0,'2023-02-16 03:03:47'),(345,338,0,0,0,'2023-02-16 03:03:47'),(346,338,0,0,0,'2023-02-16 03:03:47'),(347,338,0,0,0,'2023-02-16 03:03:47'),(348,338,0,0,0,'2023-02-16 03:03:47'),(349,338,0,0,0,'2023-02-16 03:03:47'),(350,338,0,0,0,'2023-02-16 03:03:47'),(351,338,0,0,0,'2023-02-16 03:03:47'),(352,338,0,0,0,'2023-02-16 03:03:47'),(353,338,0,0,0,'2023-02-16 03:03:47'),(354,338,0,0,0,'2023-02-16 03:03:47'),(355,338,0,0,0,'2023-02-16 03:03:47'),(356,338,0,0,0,'2023-02-16 03:03:47'),(357,338,0,0,0,'2023-02-16 03:03:47'),(358,338,0,0,0,'2023-02-16 03:03:47'),(359,338,0,0,0,'2023-02-16 03:03:47'),(360,338,0,0,0,'2023-02-16 03:03:47'),(361,338,0,0,0,'2023-02-16 03:03:47'),(362,338,0,0,0,'2023-02-16 03:03:47'),(363,338,0,0,0,'2023-02-16 03:03:47'),(364,338,0,0,0,'2023-02-16 03:03:47'),(365,338,0,0,0,'2023-02-16 03:03:47'),(366,338,0,0,0,'2023-02-16 03:03:47'),(367,338,0,0,0,'2023-02-16 03:03:47'),(368,338,0,0,0,'2023-02-16 03:03:47'),(369,338,0,0,0,'2023-02-16 03:03:47'),(370,338,0,0,0,'2023-02-16 03:03:47'),(371,338,0,0,0,'2023-02-16 03:03:47'),(372,338,0,0,0,'2023-02-16 03:03:47'),(373,338,0,0,0,'2023-02-16 03:03:47'),(374,338,0,0,0,'2023-02-16 03:03:47'),(375,338,0,0,0,'2023-02-16 03:03:47'),(376,338,0,0,0,'2023-02-16 03:03:47'),(377,338,0,0,0,'2023-02-16 03:03:47'),(378,338,0,0,0,'2023-02-16 03:03:47'),(379,338,0,0,0,'2023-02-16 03:03:47'),(380,338,0,0,0,'2023-02-16 03:03:47'),(381,338,0,0,0,'2023-02-16 03:03:47'),(382,338,0,0,0,'2023-02-16 03:03:47'),(383,338,0,0,0,'2023-02-16 03:03:47'),(384,338,0,0,0,'2023-02-16 03:03:47'),(385,338,0,0,0,'2023-02-16 03:03:47'),(386,338,0,0,0,'2023-02-16 03:03:47'),(387,338,0,0,0,'2023-02-16 03:03:47'),(388,338,0,0,0,'2023-02-16 03:03:47'),(389,338,0,0,0,'2023-02-16 03:03:47'),(390,338,0,0,0,'2023-02-16 03:03:47'),(391,338,0,0,0,'2023-02-16 03:03:47'),(392,338,0,0,0,'2023-02-16 03:03:47'),(393,338,0,0,0,'2023-02-16 03:03:47'),(394,338,0,0,0,'2023-02-16 03:03:47'),(395,338,0,0,0,'2023-02-16 03:03:47'),(396,338,0,0,0,'2023-02-16 03:03:47'),(397,338,0,0,0,'2023-02-16 03:03:47'),(398,338,0,0,0,'2023-02-16 03:03:47'),(399,338,0,0,0,'2023-02-16 03:03:47'),(400,338,0,0,0,'2023-02-16 03:03:47'),(401,338,0,0,0,'2023-02-16 03:03:47'),(402,338,0,0,0,'2023-02-16 03:03:47'),(403,338,0,0,0,'2023-02-16 03:03:47'),(404,338,0,0,0,'2023-02-16 03:03:47'),(405,338,0,0,0,'2023-02-16 03:03:47'),(406,338,0,0,0,'2023-02-16 03:03:47'),(407,338,0,0,0,'2023-02-16 03:03:47'),(408,338,0,0,0,'2023-02-16 03:03:47'),(409,338,0,0,0,'2023-02-16 03:03:47'),(410,338,0,0,0,'2023-02-16 03:03:47'),(411,338,0,0,0,'2023-02-16 03:03:47'),(412,338,0,0,0,'2023-02-16 03:03:47'),(413,338,0,0,0,'2023-02-16 03:03:47'),(414,338,0,0,0,'2023-02-16 03:03:47'),(415,338,0,0,0,'2023-02-16 03:03:47'),(416,338,0,0,0,'2023-02-16 03:03:47'),(417,338,0,0,0,'2023-02-16 03:03:47'),(418,338,0,0,0,'2023-02-16 03:03:47'),(419,338,0,0,0,'2023-02-16 03:03:47'),(420,338,0,0,0,'2023-02-16 03:03:47'),(421,338,0,0,0,'2023-02-16 03:03:47'),(422,338,0,0,0,'2023-02-16 03:03:47'),(423,338,0,0,0,'2023-02-16 03:03:47'),(424,338,0,0,0,'2023-02-16 03:03:47'),(425,338,0,0,0,'2023-02-16 03:03:47'),(426,338,0,0,0,'2023-02-16 03:03:47'),(427,338,0,0,0,'2023-02-16 03:03:47'),(428,338,0,0,0,'2023-02-16 03:03:47'),(429,338,0,0,0,'2023-02-16 03:03:47'),(430,338,0,0,0,'2023-02-16 03:03:47'),(431,338,0,0,0,'2023-02-16 03:03:47'),(432,338,0,0,0,'2023-02-16 03:03:47'),(433,338,0,0,0,'2023-02-16 03:03:47'),(434,338,0,0,0,'2023-02-16 03:03:47'),(435,338,0,0,0,'2023-02-16 03:03:47'),(436,338,0,0,0,'2023-02-16 03:03:47'),(437,338,0,0,0,'2023-02-16 03:03:47'),(438,338,0,0,0,'2023-02-16 03:03:47'),(439,338,0,0,0,'2023-02-16 03:03:47'),(440,338,0,0,0,'2023-02-16 03:03:47'),(441,338,0,0,0,'2023-02-16 03:03:47'),(442,338,0,0,0,'2023-02-16 03:03:47'),(443,338,0,0,0,'2023-02-16 03:03:47'),(444,338,0,0,0,'2023-02-16 03:03:47'),(445,338,0,0,0,'2023-02-16 03:03:47'),(446,338,0,0,0,'2023-02-16 03:03:47'),(447,338,0,0,0,'2023-02-16 03:03:47'),(448,338,0,0,0,'2023-02-16 03:03:47'),(449,338,0,0,0,'2023-02-16 03:03:47'),(450,338,0,0,0,'2023-02-16 03:03:47'),(451,338,0,0,0,'2023-02-16 03:03:47'),(452,338,0,0,0,'2023-02-16 03:03:47'),(453,338,0,0,0,'2023-02-16 03:03:47'),(454,338,0,0,0,'2023-02-16 03:03:47'),(455,338,0,0,0,'2023-02-16 03:03:47'),(456,338,0,0,0,'2023-02-16 03:03:47'),(457,338,0,0,0,'2023-02-16 03:03:47'),(458,338,0,0,0,'2023-02-16 03:03:47'),(459,338,0,0,0,'2023-02-16 03:03:47'),(460,338,0,0,0,'2023-02-16 03:03:47'),(461,338,0,0,0,'2023-02-16 03:03:47'),(462,338,0,0,0,'2023-02-16 03:03:47'),(463,338,0,0,0,'2023-02-16 03:03:47'),(464,338,0,0,0,'2023-02-16 03:03:47'),(465,338,0,0,0,'2023-02-16 03:03:47'),(466,338,0,0,0,'2023-02-16 03:03:47'),(467,338,0,0,0,'2023-02-16 03:03:47'),(468,338,0,0,0,'2023-02-16 03:03:47'),(469,338,0,0,0,'2023-02-16 03:03:47'),(470,338,0,0,0,'2023-02-16 03:03:47'),(471,338,0,0,0,'2023-02-16 03:03:47'),(472,338,0,0,0,'2023-02-16 03:03:47'),(473,338,0,0,0,'2023-02-16 03:03:47'),(474,338,0,0,0,'2023-02-16 03:03:47'),(475,338,0,0,0,'2023-02-16 03:03:47'),(476,338,0,0,0,'2023-02-16 03:03:47'),(477,338,0,0,0,'2023-02-16 03:03:47'),(478,338,0,0,0,'2023-02-16 03:03:47'),(479,338,0,0,0,'2023-02-16 03:03:47'),(480,338,0,0,0,'2023-02-16 03:03:47'),(481,338,0,0,0,'2023-02-16 03:03:47'),(482,338,0,0,0,'2023-02-16 03:03:47'),(483,338,0,0,0,'2023-02-16 03:03:47'),(484,338,0,0,0,'2023-02-16 03:03:47'),(485,338,0,0,0,'2023-02-16 03:03:47'),(486,338,0,0,0,'2023-02-16 03:03:47'),(487,338,0,0,0,'2023-02-16 03:03:47'),(488,338,0,0,0,'2023-02-16 03:03:47'),(489,338,0,0,0,'2023-02-16 03:03:47'),(490,338,0,0,0,'2023-02-16 03:03:47'),(491,338,0,0,0,'2023-02-16 03:03:47'),(492,338,0,0,0,'2023-02-16 03:03:47'),(493,338,0,0,0,'2023-02-16 03:03:47'),(494,338,0,0,0,'2023-02-16 03:03:47'),(495,338,0,0,0,'2023-02-16 03:03:47'),(496,338,0,0,0,'2023-02-16 03:03:47'),(497,338,0,0,0,'2023-02-16 03:03:47'),(498,338,0,0,0,'2023-02-16 03:03:47'),(499,338,0,0,0,'2023-02-16 03:03:47'),(500,338,0,0,0,'2023-02-16 03:03:47'),(501,338,0,0,0,'2023-02-16 03:03:47'),(502,338,0,0,0,'2023-02-16 03:03:47'),(503,338,0,0,0,'2023-02-16 03:03:47'),(504,338,0,0,0,'2023-02-16 03:03:47'),(505,338,0,0,0,'2023-02-16 03:03:47'),(506,338,0,0,0,'2023-02-16 03:03:47'),(507,338,0,0,0,'2023-02-16 03:03:47'),(508,338,0,0,0,'2023-02-16 03:03:47'),(509,338,0,0,0,'2023-02-16 03:03:47'),(510,338,0,0,0,'2023-02-16 03:03:47'),(511,338,0,0,0,'2023-02-16 03:03:47'),(512,338,0,0,0,'2023-02-16 03:03:47'),(513,338,0,0,0,'2023-02-16 03:03:47'),(514,338,0,0,0,'2023-02-16 03:03:47'),(515,338,0,0,0,'2023-02-16 03:03:47'),(516,338,0,0,0,'2023-02-16 03:03:47'),(517,338,0,0,0,'2023-02-16 03:03:47'),(518,338,0,0,0,'2023-02-16 03:03:47'),(519,338,0,0,0,'2023-02-16 03:03:47'),(520,338,0,0,0,'2023-02-16 03:03:47'),(521,338,0,0,0,'2023-02-16 03:03:47'),(522,338,0,0,0,'2023-02-16 03:03:47'),(523,338,0,0,0,'2023-02-16 03:03:47'),(524,338,0,0,0,'2023-02-16 03:03:47'),(525,338,0,0,0,'2023-02-16 03:03:47'),(526,338,0,0,0,'2023-02-16 03:03:47'),(527,338,0,0,0,'2023-02-16 03:03:47'),(528,338,0,0,0,'2023-02-16 03:03:47'),(529,338,0,0,0,'2023-02-16 03:03:47'),(530,338,0,0,0,'2023-02-16 03:03:47'),(531,338,0,0,0,'2023-02-16 03:03:47'),(532,338,0,0,0,'2023-02-16 03:03:47'),(533,338,0,0,0,'2023-02-16 03:03:47'),(534,338,0,0,0,'2023-02-16 03:03:47'),(535,338,0,0,0,'2023-02-16 03:03:47'),(536,338,0,0,0,'2023-02-16 03:03:47'),(537,338,0,0,0,'2023-02-16 03:03:47'),(538,338,0,0,0,'2023-02-16 03:03:47'),(539,338,0,0,0,'2023-02-16 03:03:47'),(540,338,0,0,0,'2023-02-16 03:03:47'),(541,338,0,0,0,'2023-02-16 03:03:47'),(542,338,0,0,0,'2023-02-16 03:03:47'),(543,338,0,0,0,'2023-02-16 03:03:47'),(544,338,0,0,0,'2023-02-16 03:03:47'),(545,338,0,0,0,'2023-02-16 03:03:47'),(546,338,0,0,0,'2023-02-16 03:03:47'),(547,338,0,0,0,'2023-02-16 03:03:47'),(548,338,0,0,0,'2023-02-16 03:03:47'),(549,338,0,0,0,'2023-02-16 03:03:47'),(550,338,0,0,0,'2023-02-16 03:03:47'),(551,338,0,0,0,'2023-02-16 03:03:47'),(552,338,0,0,0,'2023-02-16 03:03:47'),(553,338,0,0,0,'2023-02-16 03:03:47'),(554,338,0,0,0,'2023-02-16 03:03:47'),(555,338,0,0,0,'2023-02-16 03:03:47'),(556,338,0,0,0,'2023-02-16 03:03:47'),(557,338,0,0,0,'2023-02-16 03:03:47'),(558,338,0,0,0,'2023-02-16 03:03:47'),(559,338,0,0,0,'2023-02-16 03:03:47'),(560,338,0,0,0,'2023-02-16 03:03:47'),(561,338,0,0,0,'2023-02-16 03:03:47'),(562,338,0,0,0,'2023-02-16 03:03:47'),(563,338,0,0,0,'2023-02-16 03:03:47'),(564,338,0,0,0,'2023-02-16 03:03:47'),(565,338,0,0,0,'2023-02-16 03:03:47'),(566,338,0,0,0,'2023-02-16 03:03:47'),(567,338,0,0,0,'2023-02-16 03:03:47'),(568,338,0,0,0,'2023-02-16 03:03:47'),(569,338,0,0,0,'2023-02-16 03:03:47'),(570,338,0,0,0,'2023-02-16 03:03:47'),(571,338,0,0,0,'2023-02-16 03:03:47'),(572,338,0,0,0,'2023-02-16 03:03:47'),(573,338,0,0,0,'2023-02-16 03:03:47'),(574,338,0,0,0,'2023-02-16 03:03:47'),(575,338,0,0,0,'2023-02-16 03:03:47'),(576,338,0,0,0,'2023-02-16 03:03:47'),(577,338,0,0,0,'2023-02-16 03:03:47'),(578,338,0,0,0,'2023-02-16 03:03:47'),(579,338,0,0,0,'2023-02-16 03:03:47'),(580,338,0,0,0,'2023-02-16 03:03:47'),(581,338,0,0,0,'2023-02-16 03:03:47'),(582,338,0,0,0,'2023-02-16 03:03:47'),(583,338,0,0,0,'2023-02-16 03:03:47'),(584,338,0,0,0,'2023-02-16 03:03:47'),(585,338,0,0,0,'2023-02-16 03:03:47'),(586,338,0,0,0,'2023-02-16 03:03:47'),(587,338,0,0,0,'2023-02-16 03:03:47'),(588,338,0,0,0,'2023-02-16 03:03:47'),(589,338,0,0,0,'2023-02-16 03:03:47'),(590,338,0,0,0,'2023-02-16 03:03:47'),(591,338,0,0,0,'2023-02-16 03:03:47'),(592,338,0,0,0,'2023-02-16 03:03:47'),(593,338,0,0,0,'2023-02-16 03:03:47'),(594,338,0,0,0,'2023-02-16 03:03:47'),(595,338,0,0,0,'2023-02-16 03:03:47'),(596,338,0,0,0,'2023-02-16 03:03:47'),(597,338,0,0,0,'2023-02-16 03:03:47'),(598,338,0,0,0,'2023-02-16 03:03:47'),(599,338,0,0,0,'2023-02-16 03:03:47'),(600,338,0,0,0,'2023-02-16 03:03:47'),(601,338,0,0,0,'2023-02-16 03:03:47'),(602,338,0,0,0,'2023-02-16 03:03:47'),(603,338,0,0,0,'2023-02-16 03:03:47'),(604,338,0,0,0,'2023-02-16 03:03:47'),(605,338,0,0,0,'2023-02-16 03:03:47'),(606,338,0,0,0,'2023-02-16 03:03:47'),(607,338,0,0,0,'2023-02-16 03:03:47'),(608,338,0,0,0,'2023-02-16 03:03:47'),(609,338,0,0,0,'2023-02-16 03:03:47'),(610,338,0,0,0,'2023-02-16 03:03:47'),(611,338,0,0,0,'2023-02-16 03:03:47'),(612,338,0,0,0,'2023-02-16 03:03:47'),(613,338,0,0,0,'2023-02-16 03:03:47'),(614,338,0,0,0,'2023-02-16 03:03:47'),(615,338,0,0,0,'2023-02-16 03:03:47'),(616,338,0,0,0,'2023-02-16 03:03:47'),(617,338,0,0,0,'2023-02-16 03:03:47'),(618,338,0,0,0,'2023-02-16 03:03:47'),(619,338,0,0,0,'2023-02-16 03:03:47'),(620,338,0,0,0,'2023-02-16 03:03:47'),(621,338,0,0,0,'2023-02-16 03:03:47'),(622,338,0,0,0,'2023-02-16 03:03:47'),(623,338,0,0,0,'2023-02-16 03:03:47'),(624,338,0,0,0,'2023-02-16 03:03:47'),(625,338,0,0,0,'2023-02-16 03:03:47'),(626,338,0,0,0,'2023-02-16 03:03:47'),(627,338,0,0,0,'2023-02-16 03:03:47'),(628,338,0,0,0,'2023-02-16 03:03:47'),(629,338,0,0,0,'2023-02-16 03:03:47'),(630,338,0,0,0,'2023-02-16 03:03:47'),(631,338,0,0,0,'2023-02-16 03:03:47'),(632,338,0,0,0,'2023-02-16 03:03:47'),(633,338,0,0,0,'2023-02-16 03:03:47'),(634,338,0,0,0,'2023-02-16 03:03:47'),(635,338,0,0,0,'2023-02-16 03:03:47'),(636,338,0,0,0,'2023-02-16 03:03:47'),(637,338,0,0,0,'2023-02-16 03:03:47'),(638,338,0,0,0,'2023-02-16 03:03:47'),(639,338,0,0,0,'2023-02-16 03:03:47'),(640,338,0,0,0,'2023-02-16 03:03:47'),(641,338,0,0,0,'2023-02-16 03:03:47'),(642,338,0,0,0,'2023-02-16 03:03:47'),(643,338,0,0,0,'2023-02-16 03:03:47'),(644,338,0,0,0,'2023-02-16 03:03:47'),(645,338,0,0,0,'2023-02-16 03:03:47'),(646,338,0,0,0,'2023-02-16 03:03:47'),(647,338,0,0,0,'2023-02-16 03:03:47'),(648,338,0,0,0,'2023-02-16 03:03:47'),(649,338,0,0,0,'2023-02-16 03:03:47'),(650,338,0,0,0,'2023-02-16 03:03:47'),(651,338,0,0,0,'2023-02-16 03:03:47'),(652,338,0,0,0,'2023-02-16 03:03:47'),(653,338,0,0,0,'2023-02-16 03:03:47'),(654,338,0,0,0,'2023-02-16 03:03:47'),(655,338,0,0,0,'2023-02-16 03:03:47'),(656,338,0,0,0,'2023-02-16 03:03:47'),(657,338,0,0,0,'2023-02-16 03:03:47'),(658,338,0,0,0,'2023-02-16 03:03:47'),(659,338,0,0,0,'2023-02-16 03:03:47'),(660,338,0,0,0,'2023-02-16 03:03:47'),(661,338,0,0,0,'2023-02-16 03:03:47'),(662,338,0,0,0,'2023-02-16 03:03:47'),(663,338,0,0,0,'2023-02-16 03:03:47'),(664,338,0,0,0,'2023-02-16 03:03:47'),(665,338,0,0,0,'2023-02-16 03:03:47'),(666,338,0,0,0,'2023-02-16 03:03:47'),(667,338,0,0,0,'2023-02-16 03:03:47'),(668,338,0,0,0,'2023-02-16 03:03:47'),(669,338,0,0,0,'2023-02-16 03:03:47'),(670,338,0,0,0,'2023-02-16 03:03:47'),(671,338,0,0,0,'2023-02-16 03:03:47'),(672,338,0,0,0,'2023-02-16 03:03:47'),(673,338,0,0,0,'2023-02-16 03:03:47'),(674,338,0,0,0,'2023-02-16 03:03:47'),(675,338,0,0,0,'2023-02-16 03:03:47'),(676,338,0,0,0,'2023-02-16 03:03:47'),(677,338,0,0,0,'2023-02-16 03:03:47'),(678,338,0,0,0,'2023-02-16 03:03:47'),(679,338,0,0,0,'2023-02-16 03:03:47'),(680,338,0,0,0,'2023-02-16 03:03:47'),(681,338,0,0,0,'2023-02-16 03:03:47'),(682,338,0,0,0,'2023-02-16 03:03:47'),(683,338,0,0,0,'2023-02-16 03:03:47'),(684,338,0,0,0,'2023-02-16 03:03:47'),(685,338,0,0,0,'2023-02-16 03:03:47'),(686,338,0,0,0,'2023-02-16 03:03:47'),(687,338,0,0,0,'2023-02-16 03:03:47'),(688,338,0,0,0,'2023-02-16 03:03:47'),(689,338,0,0,0,'2023-02-16 03:03:47'),(690,338,0,0,0,'2023-02-16 03:03:47'),(691,338,0,0,0,'2023-02-16 03:03:47'),(692,338,0,0,0,'2023-02-16 03:03:47'),(693,338,0,0,0,'2023-02-16 03:03:47'),(694,338,0,0,0,'2023-02-16 03:03:47'),(695,338,0,0,0,'2023-02-16 03:03:47'),(696,338,0,0,0,'2023-02-16 03:03:47'),(697,338,0,0,0,'2023-02-16 03:03:47'),(698,338,0,0,0,'2023-02-16 03:03:47'),(699,338,0,0,0,'2023-02-16 03:03:47'),(700,338,0,0,0,'2023-02-16 03:03:47'),(701,338,0,0,0,'2023-02-16 03:03:47'),(702,338,0,0,0,'2023-02-16 03:03:47'),(703,338,0,0,0,'2023-02-16 03:03:47'),(704,338,0,0,0,'2023-02-16 03:03:47'),(705,338,0,0,0,'2023-02-16 03:03:47'),(706,338,0,0,0,'2023-02-16 03:03:47'),(707,338,0,0,0,'2023-02-16 03:03:47'),(708,338,0,0,0,'2023-02-16 03:03:47'),(709,338,0,0,0,'2023-02-16 03:03:47'),(710,338,0,0,0,'2023-02-16 03:03:47'),(711,338,0,0,0,'2023-02-16 03:03:47'),(712,338,0,0,0,'2023-02-16 03:03:47'),(713,338,0,0,0,'2023-02-16 03:03:47'),(714,338,0,0,0,'2023-02-16 03:03:47'),(715,338,0,0,0,'2023-02-16 03:03:47'),(716,338,0,0,0,'2023-02-16 03:03:47'),(717,338,0,0,0,'2023-02-16 03:03:47'),(718,338,0,0,0,'2023-02-16 03:03:47'),(719,338,0,0,0,'2023-02-16 03:03:47'),(720,338,0,0,0,'2023-02-16 03:03:47'),(721,338,0,0,0,'2023-02-16 03:03:47'),(722,338,0,0,0,'2023-02-16 03:03:47'),(723,338,0,0,0,'2023-02-16 03:03:47'),(724,338,0,0,0,'2023-02-16 03:03:47'),(725,338,0,0,0,'2023-02-16 03:03:47'),(726,338,0,0,0,'2023-02-16 03:03:47'),(727,338,0,0,0,'2023-02-16 03:03:47'),(728,338,0,0,0,'2023-02-16 03:03:47'),(729,338,0,0,0,'2023-02-16 03:03:47'),(730,338,0,0,0,'2023-02-16 03:03:47'),(731,338,0,0,0,'2023-02-16 03:03:47'),(732,338,0,0,0,'2023-02-16 03:03:47'),(733,338,0,0,0,'2023-02-16 03:03:47'),(734,338,0,0,0,'2023-02-16 03:03:47'),(735,338,0,0,0,'2023-02-16 03:03:47'),(736,338,0,0,0,'2023-02-16 03:03:47'),(737,338,0,0,0,'2023-02-16 03:03:47'),(738,338,0,0,0,'2023-02-16 03:03:47'),(739,338,0,0,0,'2023-02-16 03:03:47'),(740,338,0,0,0,'2023-02-16 03:03:47'),(741,338,0,0,0,'2023-02-16 03:03:47'),(742,338,0,0,0,'2023-02-16 03:03:47'),(743,338,0,0,0,'2023-02-16 03:03:47'),(744,338,0,0,0,'2023-02-16 03:03:47'),(745,338,0,0,0,'2023-02-16 03:03:47'),(746,338,0,0,0,'2023-02-16 03:03:47'),(747,338,0,0,0,'2023-02-16 03:03:47'),(748,338,0,0,0,'2023-02-16 03:03:47'),(749,338,0,0,0,'2023-02-16 03:03:47'),(750,338,0,0,0,'2023-02-16 03:03:47'),(751,338,0,0,0,'2023-02-16 03:03:47'),(752,338,0,0,0,'2023-02-16 03:03:47'),(753,338,0,0,0,'2023-02-16 03:03:47'),(754,338,0,0,0,'2023-02-16 03:03:47'),(755,338,0,0,0,'2023-02-16 03:03:47'),(756,338,0,0,0,'2023-02-16 03:03:47'),(757,338,0,0,0,'2023-02-16 03:03:47'),(758,338,0,0,0,'2023-02-16 03:03:47'),(759,338,0,0,0,'2023-02-16 03:03:47'),(760,338,0,0,0,'2023-02-16 03:03:47'),(761,338,0,0,0,'2023-02-16 03:03:47'),(762,338,0,0,0,'2023-02-16 03:03:47'),(763,338,0,0,0,'2023-02-16 03:03:47'),(764,338,0,0,0,'2023-02-16 03:03:47'),(765,338,0,0,0,'2023-02-16 03:03:47'),(766,338,0,0,0,'2023-02-16 03:03:47'),(767,338,0,0,0,'2023-02-16 03:03:47'),(768,338,0,0,0,'2023-02-16 03:03:47'),(769,338,0,0,0,'2023-02-16 03:03:47'),(770,338,0,0,0,'2023-02-16 03:03:47'),(771,338,0,0,0,'2023-02-16 03:03:47'),(772,338,0,0,0,'2023-02-16 03:03:47'),(773,338,0,0,0,'2023-02-16 03:03:47'),(774,338,0,0,0,'2023-02-16 03:03:47'),(775,338,0,0,0,'2023-02-16 03:03:47'),(776,338,0,0,0,'2023-02-16 03:03:47'),(777,338,0,0,0,'2023-02-16 03:03:47'),(778,338,0,0,0,'2023-02-16 03:03:47'),(779,338,0,0,0,'2023-02-16 03:03:47'),(780,338,0,0,0,'2023-02-16 03:03:47'),(781,338,0,0,0,'2023-02-16 03:03:47'),(782,338,0,0,0,'2023-02-16 03:03:47'),(783,338,0,0,0,'2023-02-16 03:03:47'),(784,338,0,0,0,'2023-02-16 03:03:47'),(785,338,0,0,0,'2023-02-16 03:03:47'),(786,338,0,0,0,'2023-02-16 03:03:47'),(787,338,0,0,0,'2023-02-16 03:03:47'),(788,338,0,0,0,'2023-02-16 03:03:47'),(789,338,0,0,0,'2023-02-16 03:03:47'),(790,338,0,0,0,'2023-02-16 03:03:47'),(791,338,0,0,0,'2023-02-16 03:03:47'),(792,338,0,0,0,'2023-02-16 03:03:47'),(793,338,0,0,0,'2023-02-16 03:03:47'),(794,338,0,0,0,'2023-02-16 03:03:47'),(795,338,0,0,0,'2023-02-16 03:03:47'),(796,338,0,0,0,'2023-02-16 03:03:47'),(797,338,0,0,0,'2023-02-16 03:03:47'),(798,338,0,0,0,'2023-02-16 03:03:47'),(799,338,0,0,0,'2023-02-16 03:03:47'),(800,338,0,0,0,'2023-02-16 03:03:47'),(801,338,0,0,0,'2023-02-16 03:03:47'),(802,338,0,0,0,'2023-02-16 03:03:47'),(803,338,0,0,0,'2023-02-16 03:03:47'),(804,338,0,0,0,'2023-02-16 03:03:47'),(805,338,0,0,0,'2023-02-16 03:03:47'),(806,338,0,0,0,'2023-02-16 03:03:47'),(807,338,0,0,0,'2023-02-16 03:03:47'),(808,338,0,0,0,'2023-02-16 03:03:47'),(809,338,0,0,0,'2023-02-16 03:03:47'),(810,338,0,0,0,'2023-02-16 03:03:47'),(811,338,0,0,0,'2023-02-16 03:03:47'),(812,338,0,0,0,'2023-02-16 03:03:47'),(813,338,0,0,0,'2023-02-16 03:03:47'),(814,338,0,0,0,'2023-02-16 03:03:47'),(815,338,0,0,0,'2023-02-16 03:03:47'),(816,338,0,0,0,'2023-02-16 03:03:47'),(817,338,0,0,0,'2023-02-16 03:03:47'),(818,338,0,0,0,'2023-02-16 03:03:47'),(819,338,0,0,0,'2023-02-16 03:03:47'),(820,338,0,0,0,'2023-02-16 03:03:47'),(821,338,0,0,0,'2023-02-16 03:03:47'),(822,338,0,0,0,'2023-02-16 03:03:47'),(823,338,0,0,0,'2023-02-16 03:03:47'),(824,338,0,0,0,'2023-02-16 03:03:47'),(825,338,0,0,0,'2023-02-16 03:03:47'),(826,338,0,0,0,'2023-02-16 03:03:47'),(827,338,0,0,0,'2023-02-16 03:03:47'),(828,338,0,0,0,'2023-02-16 03:03:47'),(829,338,0,0,0,'2023-02-16 03:03:47'),(830,338,0,0,0,'2023-02-16 03:03:47'),(831,338,0,0,0,'2023-02-16 03:03:47'),(832,338,0,0,0,'2023-02-16 03:03:47'),(833,338,0,0,0,'2023-02-16 03:03:47'),(834,338,0,0,0,'2023-02-16 03:03:47'),(835,338,0,0,0,'2023-02-16 03:03:47'),(836,338,0,0,0,'2023-02-16 03:03:47'),(837,338,0,0,0,'2023-02-16 03:03:47'),(838,338,0,0,0,'2023-02-16 03:03:47'),(839,338,0,0,0,'2023-02-16 03:03:47'),(840,338,0,0,0,'2023-02-16 03:03:47'),(841,338,0,0,0,'2023-02-16 03:03:47'),(842,338,0,0,0,'2023-02-16 03:03:47'),(843,338,0,0,0,'2023-02-16 03:03:47'),(844,338,0,0,0,'2023-02-16 03:03:47'),(845,338,0,0,0,'2023-02-16 03:03:47'),(846,338,0,0,0,'2023-02-16 03:03:47'),(847,338,0,0,0,'2023-02-16 03:03:47'),(848,338,0,0,0,'2023-02-16 03:03:47'),(849,338,0,0,0,'2023-02-16 03:03:47'),(850,338,0,0,0,'2023-02-16 03:03:47'),(851,338,0,0,0,'2023-02-16 03:03:47'),(852,338,0,0,0,'2023-02-16 03:03:47'),(853,338,0,0,0,'2023-02-16 03:03:47'),(854,338,0,0,0,'2023-02-16 03:03:47'),(855,338,0,0,0,'2023-02-16 03:03:47'),(856,338,0,0,0,'2023-02-16 03:03:47'),(857,338,0,0,0,'2023-02-16 03:03:47'),(858,338,0,0,0,'2023-02-16 03:03:47'),(859,338,0,0,0,'2023-02-16 03:03:47'),(860,338,0,0,0,'2023-02-16 03:03:47'),(861,338,0,0,0,'2023-02-16 03:03:47'),(862,338,0,0,0,'2023-02-16 03:03:47'),(863,338,0,0,0,'2023-02-16 03:03:47'),(864,338,0,0,0,'2023-02-16 03:03:47'),(865,338,0,0,0,'2023-02-16 03:03:47'),(866,338,0,0,0,'2023-02-16 03:03:47'),(867,338,0,0,0,'2023-02-16 03:03:47'),(868,338,0,0,0,'2023-02-16 03:03:47'),(869,338,0,0,0,'2023-02-16 03:03:47'),(870,338,0,0,0,'2023-02-16 03:03:47'),(871,338,0,0,0,'2023-02-16 03:03:47'),(872,338,0,0,0,'2023-02-16 03:03:47'),(873,338,0,0,0,'2023-02-16 03:03:47'),(874,338,0,0,0,'2023-02-16 03:03:47'),(875,338,0,0,0,'2023-02-16 03:03:47'),(876,338,0,0,0,'2023-02-16 03:03:47'),(877,338,0,0,0,'2023-02-16 03:03:47'),(878,338,0,0,0,'2023-02-16 03:03:47'),(879,338,0,0,0,'2023-02-16 03:03:47'),(880,338,0,0,0,'2023-02-16 03:03:47'),(881,338,0,0,0,'2023-02-16 03:03:47'),(882,338,0,0,0,'2023-02-16 03:03:47'),(883,338,0,0,0,'2023-02-16 03:03:47'),(884,338,0,0,0,'2023-02-16 03:03:47'),(885,338,0,0,0,'2023-02-16 03:03:47'),(886,338,0,0,0,'2023-02-16 03:03:47'),(887,338,0,0,0,'2023-02-16 03:03:47'),(888,338,0,0,0,'2023-02-16 03:03:47'),(889,338,0,0,0,'2023-02-16 03:03:47'),(890,338,0,0,0,'2023-02-16 03:03:47'),(891,338,0,0,0,'2023-02-16 03:03:47'),(892,338,0,0,0,'2023-02-16 03:03:47'),(893,338,0,0,0,'2023-02-16 03:03:47'),(894,338,0,0,0,'2023-02-16 03:03:47'),(895,338,0,0,0,'2023-02-16 03:03:47'),(896,338,0,0,0,'2023-02-16 03:03:47'),(897,338,0,0,0,'2023-02-16 03:03:47'),(898,338,0,0,0,'2023-02-16 03:03:47'),(899,338,0,0,0,'2023-02-16 03:03:47'),(900,338,0,0,0,'2023-02-16 03:03:47'),(901,338,0,0,0,'2023-02-16 03:03:47'),(902,338,0,0,0,'2023-02-16 03:03:47'),(903,338,0,0,0,'2023-02-16 03:03:47'),(904,338,0,0,0,'2023-02-16 03:03:47'),(905,338,0,0,0,'2023-02-16 03:03:47'),(906,338,0,0,0,'2023-02-16 03:03:47'),(907,338,0,0,0,'2023-02-16 03:03:47'),(908,338,0,0,0,'2023-02-16 03:03:47'),(909,338,0,0,0,'2023-02-16 03:03:47'),(910,338,0,0,0,'2023-02-16 03:03:47'),(911,338,0,0,0,'2023-02-16 03:03:47'),(912,338,0,0,0,'2023-02-16 03:03:47'),(913,338,0,0,0,'2023-02-16 03:03:47'),(914,338,0,0,0,'2023-02-16 03:03:47'),(915,338,0,0,0,'2023-02-16 03:03:47'),(916,338,0,0,0,'2023-02-16 03:03:47'),(917,338,0,0,0,'2023-02-16 03:03:47'),(918,338,0,0,0,'2023-02-16 03:03:47'),(919,338,0,0,0,'2023-02-16 03:03:47'),(920,338,0,0,0,'2023-02-16 03:03:47'),(921,338,0,0,0,'2023-02-16 03:03:47'),(922,338,0,0,0,'2023-02-16 03:03:47'),(923,338,0,0,0,'2023-02-16 03:03:47'),(924,338,0,0,0,'2023-02-16 03:03:47'),(925,338,0,0,0,'2023-02-16 03:03:47'),(926,338,0,0,0,'2023-02-16 03:03:47'),(927,338,0,0,0,'2023-02-16 03:03:47'),(928,338,0,0,0,'2023-02-16 03:03:47'),(929,338,0,0,0,'2023-02-16 03:03:47'),(930,338,0,0,0,'2023-02-16 03:03:47'),(931,338,0,0,0,'2023-02-16 03:03:47'),(932,338,0,0,0,'2023-02-16 03:03:47'),(933,338,0,0,0,'2023-02-16 03:03:47'),(934,338,0,0,0,'2023-02-16 03:03:47'),(935,338,0,0,0,'2023-02-16 03:03:47'),(936,338,0,0,0,'2023-02-16 03:03:47'),(937,338,0,0,0,'2023-02-16 03:03:47'),(938,338,0,0,0,'2023-02-16 03:03:47'),(939,338,0,0,0,'2023-02-16 03:03:47'),(940,338,0,0,0,'2023-02-16 03:03:47'),(941,338,0,0,0,'2023-02-16 03:03:47'),(942,338,0,0,0,'2023-02-16 03:03:47'),(943,338,0,0,0,'2023-02-16 03:03:47'),(944,338,0,0,0,'2023-02-16 03:03:47'),(945,338,0,0,0,'2023-02-16 03:03:47'),(946,338,0,0,0,'2023-02-16 03:03:47'),(947,338,0,0,0,'2023-02-16 03:03:47'),(948,338,0,0,0,'2023-02-16 03:03:47'),(949,338,0,0,0,'2023-02-16 03:03:47'),(950,338,0,0,0,'2023-02-16 03:03:47'),(951,338,0,0,0,'2023-02-16 03:03:47'),(952,338,0,0,0,'2023-02-16 03:03:47'),(953,338,0,0,0,'2023-02-16 03:03:47'),(954,338,0,0,0,'2023-02-16 03:03:47'),(955,338,0,0,0,'2023-02-16 03:03:47'),(956,338,0,0,0,'2023-02-16 03:03:47'),(957,346,1,119,36126720,'2023-02-16 17:26:09'),(958,348,1,117,36208640,'2023-02-16 17:27:04'),(959,352,0,19,8753152,'2023-02-16 22:19:12'),(960,352,1,19,8818688,'2023-02-16 22:19:12'),(961,353,0,19,8753152,'2023-02-16 22:19:12'),(962,358,1,127,38617088,'2023-02-17 09:30:43'),(963,360,1,18,8851456,'2023-02-17 09:50:10'),(964,361,0,19,8790016,'2023-02-17 09:50:10'),(965,361,0,19,8790016,'2023-02-17 09:50:10'),(966,362,1,18,8855552,'2023-02-17 09:57:32'),(967,364,1,18,8855552,'2023-02-17 09:59:53'),(968,366,1,19,8855552,'2023-02-17 10:05:20'),(969,368,0,18,8642560,'2023-02-17 10:18:28'),(970,368,1,19,8699904,'2023-02-17 10:18:28'),(971,370,1,19,8695808,'2023-02-17 10:27:27'),(972,371,0,19,8642560,'2023-02-17 10:27:27');
/*!40000 ALTER TABLE `battle_prob_submit_log_tb` ENABLE KEYS */;
UNLOCK TABLES;

--
-- Table structure for table `exp_log_tb`
--

DROP TABLE IF EXISTS `exp_log_tb`;
/*!40101 SET @saved_cs_client     = @@character_set_client */;
/*!50503 SET character_set_client = utf8mb4 */;
CREATE TABLE `exp_log_tb` (
  `exp_log_no` int NOT NULL AUTO_INCREMENT,
  `user_id` varchar(200) NOT NULL,
  `add_exp` int NOT NULL,
  `cur_exp` int NOT NULL,
  PRIMARY KEY (`exp_log_no`)
) ENGINE=InnoDB AUTO_INCREMENT=373 DEFAULT CHARSET=utf8mb4 COLLATE=utf8mb4_0900_ai_ci;
/*!40101 SET character_set_client = @saved_cs_client */;

--
-- Dumping data for table `exp_log_tb`
--

LOCK TABLES `exp_log_tb` WRITE;
/*!40000 ALTER TABLE `exp_log_tb` DISABLE KEYS */;
INSERT INTO `exp_log_tb` VALUES (312,'dcbd8079-ef96-4527-955e-360682cc649e',75,76),(313,'ba3dd473-8221-4128-82a6-7cca6517cdc1',75,76),(314,'fad5c555-5ba4-4062-9282-31c7a6407ea4',75,76),(315,'ba3dd473-8221-4128-82a6-7cca6517cdc1',75,151),(316,'ba3dd473-8221-4128-82a6-7cca6517cdc1',75,226),(317,'d915085e-8e8d-4318-8789-ceb870177b6b',75,76),(318,'ba3dd473-8221-4128-82a6-7cca6517cdc1',75,301),(319,'fc24f030-24aa-432d-97c9-32d194df265d',75,76),(320,'ba3dd473-8221-4128-82a6-7cca6517cdc1',75,376),(321,'1b74df79-398d-43ef-9ed2-affee63b900b',75,76),(322,'ba3dd473-8221-4128-82a6-7cca6517cdc1',75,451),(323,'fad5c555-5ba4-4062-9282-31c7a6407ea4',75,151),(324,'ba3dd473-8221-4128-82a6-7cca6517cdc1',75,526),(325,'bfc3dcf9-ea34-4678-b923-7a45e02f9013',100,101),(326,'06c6f31a-f7d5-436b-9093-cff4f6b679cf',50,51),(327,'fad5c555-5ba4-4062-9282-31c7a6407ea4',75,226),(328,'ba3dd473-8221-4128-82a6-7cca6517cdc1',75,601),(329,'fc24f030-24aa-432d-97c9-32d194df265d',75,151),(330,'fc24f030-24aa-432d-97c9-32d194df265d',75,226),(331,'ba3dd473-8221-4128-82a6-7cca6517cdc1',100,701),(332,'d915085e-8e8d-4318-8789-ceb870177b6b',50,126),(333,'d915085e-8e8d-4318-8789-ceb870177b6b',100,226),(334,'ba3dd473-8221-4128-82a6-7cca6517cdc1',50,751),(335,'e8c4c180-55d5-49cd-a1ee-985c2b4826a0',75,76),(336,'c9b41204-4204-48d7-86b4-3fdb6133b295',75,76),(337,'ba3dd473-8221-4128-82a6-7cca6517cdc1',100,851),(338,'fad5c555-5ba4-4062-9282-31c7a6407ea4',50,276),(339,'ba3dd473-8221-4128-82a6-7cca6517cdc1',75,926),(340,'e8c4c180-55d5-49cd-a1ee-985c2b4826a0',75,151),(341,'ba3dd473-8221-4128-82a6-7cca6517cdc1',75,1001),(342,'ba3dd473-8221-4128-82a6-7cca6517cdc1',75,1076),(343,'ba3dd473-8221-4128-82a6-7cca6517cdc1',75,1151),(344,'ba3dd473-8221-4128-82a6-7cca6517cdc1',75,1226),(345,'ba3dd473-8221-4128-82a6-7cca6517cdc1',75,1301),(346,'ba3dd473-8221-4128-82a6-7cca6517cdc1',75,1376),(347,'ba3dd473-8221-4128-82a6-7cca6517cdc1',75,1451),(348,'ba3dd473-8221-4128-82a6-7cca6517cdc1',75,1526),(349,'ba3dd473-8221-4128-82a6-7cca6517cdc1',75,1601),(350,'ba3dd473-8221-4128-82a6-7cca6517cdc1',75,1676),(351,'ba3dd473-8221-4128-82a6-7cca6517cdc1',100,1776),(352,'dcbd8079-ef96-4527-955e-360682cc649e',50,126),(353,'235ba7ae-ba73-4cc4-a5e6-46177f7d5139',100,101),(354,'f63605d3-60b7-4fd7-aca8-2550b86a9b09',50,51),(355,'f35a9b35-9194-46df-a78d-1bd7abfb5067',75,76),(356,'f35a9b35-9194-46df-a78d-1bd7abfb5067',75,151),(357,'d915085e-8e8d-4318-8789-ceb870177b6b',75,301),(358,'d915085e-8e8d-4318-8789-ceb870177b6b',100,401),(359,'ba3dd473-8221-4128-82a6-7cca6517cdc1',50,1826),(360,'fad5c555-5ba4-4062-9282-31c7a6407ea4',100,376),(361,'ba3dd473-8221-4128-82a6-7cca6517cdc1',50,1876),(362,'ba3dd473-8221-4128-82a6-7cca6517cdc1',100,1976),(363,'fad5c555-5ba4-4062-9282-31c7a6407ea4',50,426),(364,'fad5c555-5ba4-4062-9282-31c7a6407ea4',100,526),(365,'ba3dd473-8221-4128-82a6-7cca6517cdc1',50,2026),(366,'ba3dd473-8221-4128-82a6-7cca6517cdc1',100,2126),(367,'fad5c555-5ba4-4062-9282-31c7a6407ea4',50,576),(368,'fad5c555-5ba4-4062-9282-31c7a6407ea4',100,676),(369,'ba3dd473-8221-4128-82a6-7cca6517cdc1',50,2176),(370,'ba3dd473-8221-4128-82a6-7cca6517cdc1',100,2276),(371,'fc24f030-24aa-432d-97c9-32d194df265d',50,276),(372,'ba3dd473-8221-4128-82a6-7cca6517cdc1',75,2351);
/*!40000 ALTER TABLE `exp_log_tb` ENABLE KEYS */;
UNLOCK TABLES;

--
-- Table structure for table `past_season_log_tb`
--

DROP TABLE IF EXISTS `past_season_log_tb`;
/*!40101 SET @saved_cs_client     = @@character_set_client */;
/*!50503 SET character_set_client = utf8mb4 */;
CREATE TABLE `past_season_log_tb` (
  `past_season_log_no` int NOT NULL AUTO_INCREMENT,
  `user_id` varchar(255) NOT NULL,
  `battle_mode` varchar(20) NOT NULL,
  `season` varchar(20) NOT NULL,
  `tier` varchar(20) NOT NULL,
  `ranking` int NOT NULL,
  `win_cnt` int NOT NULL,
  `lose_cnt` int NOT NULL,
  PRIMARY KEY (`past_season_log_no`)
) ENGINE=InnoDB AUTO_INCREMENT=13 DEFAULT CHARSET=utf8mb4 COLLATE=utf8mb4_0900_ai_ci;
/*!40101 SET character_set_client = @saved_cs_client */;

--
-- Dumping data for table `past_season_log_tb`
--

LOCK TABLES `past_season_log_tb` WRITE;
/*!40000 ALTER TABLE `past_season_log_tb` DISABLE KEYS */;
INSERT INTO `past_season_log_tb` VALUES (1,'fc24f030-24aa-432d-97c9-32d194df265d','speed','1','BRONZE5',100,5,20),(2,'fc24f030-24aa-432d-97c9-32d194df265d','optimization','1','BRONZE3',102,4,10),(3,'fc24f030-24aa-432d-97c9-32d194df265d','speed','2','SILVER5',90,10,10),(4,'fc24f030-24aa-432d-97c9-32d194df265d','optimization','2','SILVER5',85,14,10),(5,'fc24f030-24aa-432d-97c9-32d194df265d','speed','3','GOLD',50,20,10),(6,'fc24f030-24aa-432d-97c9-32d194df265d','optimization','3','GOLD2',49,21,12),(7,'d915085e-8e8d-4318-8789-ceb870177b6b','speed','1','BRONZE5',100,5,20),(8,'d915085e-8e8d-4318-8789-ceb870177b6b','optimization','1','BRONZE3',102,4,10),(9,'d915085e-8e8d-4318-8789-ceb870177b6b','speed','2','SILVER5',90,10,10),(10,'d915085e-8e8d-4318-8789-ceb870177b6b','optimization','2','SILVER5',85,14,10),(11,'d915085e-8e8d-4318-8789-ceb870177b6b','speed','3','GOLD',50,20,10),(12,'d915085e-8e8d-4318-8789-ceb870177b6b','optimization','3','GOLD2',49,21,12);
/*!40000 ALTER TABLE `past_season_log_tb` ENABLE KEYS */;
UNLOCK TABLES;

--
-- Table structure for table `prob_category_pivot_tb`
--

DROP TABLE IF EXISTS `prob_category_pivot_tb`;
/*!40101 SET @saved_cs_client     = @@character_set_client */;
/*!50503 SET character_set_client = utf8mb4 */;
CREATE TABLE `prob_category_pivot_tb` (
  `prob_category_pivot_number` int NOT NULL,
  `category_name` varchar(255) DEFAULT NULL,
  `prob_no` bigint DEFAULT NULL,
  PRIMARY KEY (`prob_category_pivot_number`),
  KEY `FKsotd91m0r8fckpixty2ilc5oo` (`category_name`),
  KEY `FK6gf4vv2f56y6c6t0b9jy1yiyo` (`prob_no`),
  CONSTRAINT `FK6gf4vv2f56y6c6t0b9jy1yiyo` FOREIGN KEY (`prob_no`) REFERENCES `problem_tb` (`prob_no`),
  CONSTRAINT `FKsotd91m0r8fckpixty2ilc5oo` FOREIGN KEY (`category_name`) REFERENCES `prob_category_tb` (`category_name`)
) ENGINE=InnoDB DEFAULT CHARSET=utf8mb4 COLLATE=utf8mb4_0900_ai_ci;
/*!40101 SET character_set_client = @saved_cs_client */;

--
-- Dumping data for table `prob_category_pivot_tb`
--

LOCK TABLES `prob_category_pivot_tb` WRITE;
/*!40000 ALTER TABLE `prob_category_pivot_tb` DISABLE KEYS */;
INSERT INTO `prob_category_pivot_tb` VALUES (1,'BFS',1),(2,'DFS',1),(3,'BFS',2),(4,'DP',2),(5,'DP',3),(6,'KMP',3),(7,'구현',4),(8,'그리디',4),(9,'다익스트라',5),(10,'브루트포스',5),(11,'수학',6),(12,'스택',6),(13,'이분 탐색',7),(14,'큐',7),(15,'스택',8),(16,'구현',8),(17,'DP',9),(18,'그리디',9),(19,'DP',10),(20,'그리디',10),(21,'브루트포스',11),(22,'다익스트라',11),(23,'DP',12),(24,'그리디',12),(25,'구현',13),(26,'큐',13),(27,'수학',14),(28,'구현',14),(29,'이분 탐색',15),(30,'스택',15);
/*!40000 ALTER TABLE `prob_category_pivot_tb` ENABLE KEYS */;
UNLOCK TABLES;

--
-- Table structure for table `prob_category_tb`
--

DROP TABLE IF EXISTS `prob_category_tb`;
/*!40101 SET @saved_cs_client     = @@character_set_client */;
/*!50503 SET character_set_client = utf8mb4 */;
CREATE TABLE `prob_category_tb` (
  `category_name` varchar(255) NOT NULL,
  PRIMARY KEY (`category_name`)
) ENGINE=InnoDB DEFAULT CHARSET=utf8mb4 COLLATE=utf8mb4_0900_ai_ci;
/*!40101 SET character_set_client = @saved_cs_client */;

--
-- Dumping data for table `prob_category_tb`
--

LOCK TABLES `prob_category_tb` WRITE;
/*!40000 ALTER TABLE `prob_category_tb` DISABLE KEYS */;
INSERT INTO `prob_category_tb` VALUES ('BFS'),('DFS'),('DP'),('KMP'),('구현'),('그리디'),('다익스트라'),('브루트포스'),('수학'),('스택'),('이분 탐색'),('큐');
/*!40000 ALTER TABLE `prob_category_tb` ENABLE KEYS */;
UNLOCK TABLES;

--
-- Table structure for table `prob_tier_tb`
--

DROP TABLE IF EXISTS `prob_tier_tb`;
/*!40101 SET @saved_cs_client     = @@character_set_client */;
/*!50503 SET character_set_client = utf8mb4 */;
CREATE TABLE `prob_tier_tb` (
  `tier` varchar(255) NOT NULL,
  `tier_exp` int DEFAULT NULL,
  PRIMARY KEY (`tier`)
) ENGINE=InnoDB DEFAULT CHARSET=utf8mb4 COLLATE=utf8mb4_0900_ai_ci;
/*!40101 SET character_set_client = @saved_cs_client */;

--
-- Dumping data for table `prob_tier_tb`
--

LOCK TABLES `prob_tier_tb` WRITE;
/*!40000 ALTER TABLE `prob_tier_tb` DISABLE KEYS */;
INSERT INTO `prob_tier_tb` VALUES ('BRONZE1',14),('BRONZE2',13),('BRONZE3',12),('BRONZE4',11),('BRONZE5',10),('DIAMOND1',34),('DIAMOND2',33),('DIAMOND3',32),('DIAMOND4',31),('DIAMOND5',30),('GOLD1',24),('GOLD2',23),('GOLD3',22),('GOLD4',21),('GOLD5',20),('PLATINUM1',29),('PLATINUM2',28),('PLATINUM3',27),('PLATINUM4',26),('PLATINUM5',25),('SILVER1',19),('SILVER2',18),('SILVER3',17),('SILVER4',16),('SILVER5',15);
/*!40000 ALTER TABLE `prob_tier_tb` ENABLE KEYS */;
UNLOCK TABLES;

--
-- Table structure for table `problem_tb`
--

DROP TABLE IF EXISTS `problem_tb`;
/*!40101 SET @saved_cs_client     = @@character_set_client */;
/*!50503 SET character_set_client = utf8mb4 */;
CREATE TABLE `problem_tb` (
  `prob_no` bigint NOT NULL,
  `prob_create_time` datetime(6) NOT NULL,
  `prob_detail_desc` text NOT NULL,
  `prob_input_desc` varchar(255) NOT NULL,
  `prob_memory_limit` int NOT NULL,
  `prob_name` varchar(255) NOT NULL,
  `prob_output_desc` varchar(255) NOT NULL,
  `prob_score_input` varchar(255) NOT NULL,
  `prob_score_output` varchar(255) NOT NULL,
  `prob_test_input` varchar(255) NOT NULL,
  `prob_test_output` varchar(255) NOT NULL,
  `prob_time_limit` int NOT NULL,
  `tier` varchar(255) DEFAULT NULL,
  PRIMARY KEY (`prob_no`),
  KEY `FKfhxwu9v4npx52duulqypuj06q` (`tier`),
  CONSTRAINT `FKfhxwu9v4npx52duulqypuj06q` FOREIGN KEY (`tier`) REFERENCES `prob_tier_tb` (`tier`)
) ENGINE=InnoDB DEFAULT CHARSET=utf8mb4 COLLATE=utf8mb4_0900_ai_ci;
/*!40101 SET character_set_client = @saved_cs_client */;

--
-- Dumping data for table `problem_tb`
--

LOCK TABLES `problem_tb` WRITE;
/*!40000 ALTER TABLE `problem_tb` DISABLE KEYS */;
INSERT INTO `problem_tb` VALUES (1,'2023-02-10 07:22:26.000000','보다 쉬운 더하기 문제 입니다. 두 정수 A 와 B 를 입력 받은 다음, A + B 를 출력하는 프로그램을 작성해주세요. (언어 선택에 유의해주세요! JAVA 선택 시 클래스명은 Main 으로 설정해주세요.)','첫째 줄에 A 와 B 가 한 칸의 간격을 두고 주어집니다. (0 < A, B < 10)',128,'보다 쉬운 A + B','첫째 줄에 A + B 를 출력해주세요.','100','100','1 2','3',2,'SILVER4'),(2,'2023-02-10 07:22:26.000000','보다 쉬운 빼기 문제입니다. 두 정수 A 와 B 를 입력 받은 다음, A - B 를 출력하는 프로그램을 작성해주세요. (언어 선택에 유의해주세요! JAVA 선택 시 클래스명은 Main 으로 설정해주세요.)','첫째 줄에 A 와 B 가 한 칸의 간격을 두고 주어집니다. (0 < A, B < 10)',128,'보다 쉬운 A - B','첫째 줄에 A - B 를 출력해주세요.','100','100','3 2','1',2,'SILVER4'),(3,'2023-02-10 07:22:26.000000','보다 쉬운 곱하기 문제입니다. 두 정수 A 와  B 를 입력 받은 다음, A × B 를 출력하는 프로그램을 작성해주세요. (언어 선택에 유의해주세요! JAVA 선택 시 클래스명은 Main 으로 설정해주세요.)','첫째 줄에 A 와 B 가 한 칸의 간격을 두고 주어집니다. (0 < A, B < 10)',256,'보다 쉬운 A × B','첫째 줄에 A × B 를 출력해주세요.','100','100','1 2','2',1,'SILVER4'),(4,'2023-02-10 07:22:26.000000','보다 쉬운 나누기 문제입니다. 두 정수 A 와  B 를 입력받은 다음, A /  B 를 출력하는 프로그램을 작성해주세요. (언어 선택에 유의해주세요! JAVA 선택 시 클래스명은 Main 으로 설정해주세요.) ','첫째 줄에 A 와 B 가 한 칸의 간격을 두고 주어집니다. (0 < A, B < 10)',128,'보다 쉬운 A / B','첫째 줄에 A / B 를 출력해주세요. 실제 정답과 출력 값의 절대 오차 또는 상대 오차가 10 의 -9 제곱 이하이면 정답 입니다.','100','100','4 5','0.8',2,'SILVER5'),(5,'2023-02-10 07:22:26.000000','아주 약간 어려운 더하기 문제입니다. 두 정수 A 와 B 를 입력 받은 다음, A + B 를 출력하는 프로그램을 작성해주세요. (언어 선택에 유의해주세요! JAVA 선택 시 클래스명은 Main 으로 설정해주세요.)','이 문제는 입력이 개행을 기준으로 주어집니다. 첫째 줄에 A, 둘째 줄에 B 가 주어집니다.  (0 < A, B < 10)',128,'고난도 A + B (1) ','첫째 줄에 A + B 를 출력해주세요.','100','100','1(개행)2','3',1,'SILVER5'),(6,'2023-02-10 07:22:26.000000','조금 어려운 더하기 문제입니다. 두 정수 A 와 B 를 입력 받은 다음, A + B 를 출력 하는 프로그램을 작성해주세요. (언어 선택에 유의해주세요! JAVA 선택 시 클래스명은 Main 으로 설정해주세요.)','이 문제는 테스트 케이스가 주어집니다. 첫 줄에 테스트 케이스의 개수 T 가 주어집니다. 첫 줄에는 테스트 케이스의 개수가 주어지며, 다음 줄 부터 A 와 B 가 한 칸의 간격을 두고 주어집니다. (0 < A, B < 10)',256,'고난도 A + B (2)','각 테스트 케이스마다 A + B 를 개행을 기준으로 출력해주세요.','100','100','5(개행)1 1(개행)2 3(개행)3 4(개행)9 8(개행)5 2','2(개행)5(개행)7(개행)17(개행)7',1,'SILVER5'),(7,'2023-02-10 07:22:26.000000','쉽진 않은 더하기 문제입니다. 두 정수 A 와 B 를 입력 받은 다음, A + B 를 출력하는 프로그램을 작성해주세요. (언어 선택에 유의해주세요! JAVA 선택 시 클래스명은 Main 으로 설정해주세요.)','이 문제는 테스트 케이스가 주어집니다. 첫 줄부터 마지막 줄까지 A 와 B 가 한 칸의 간격을 두고 주어집니다. 입력의 마지막 줄은 0 이 들어옵니다.  (0 < A, B < 10)',256,'고난도 A + B (3)','각 테스트 케이스마다 A + B 를 개행을 기준으로 출력해주세요.','100','100','1 1(개행)2 3(개행)3 4(개행)9 8(개행)5 2(개행)0','2(개행)5(개행)7(개행)17(개행)7',1,'SILVER3'),(8,'2023-02-10 07:22:26.000000','살짝 어려운 더하기 문제입니다. 두 정수 A와 B를 입력받은 다음, A + B 를 출력하는 프로그램을 작성해주세요. (언어 선택에 유의해주세요! JAVA 선택 시 클래스명은 Main 으로 설정해주세요.)','이 문제는 테스트 케이스가 주어집니다. 첫 줄 부터 A 와 B 가 한 칸의 간격을 두고 주어집니다. 입력의 마지막 줄은 0 0 이 들어옵니다. (0 < A, B < 10)',256,'고난도 A + B (4)','각 테스트 케이스마다 A + B 를 개행을 기준으로 출력해주세요.','100','100','1 1(개행)2 3(개행)3 4(개행)9 8(개행)5 2(개행)0 0','2(개행)5(개행)7(개행)17(개행)7',1,'SILVER3'),(9,'2023-02-10 07:22:26.000000','제법 어려운 더하기 문제입니다. 두 정수 A와 B를 입력받은 다음, A + B 를 출력하는 프로그램을 작성해주세요. (언어 선택에 유의해주세요! JAVA 선택 시 클래스명은 Main 으로 설정해주세요.)','이 문제는 테스트 케이스가 주어집니다. 첫 줄에 테스트 케이스의 개수 T 가 주어집니다. 첫 줄에는 테스트 케이스의 개수가 주어지며, 다음 줄 부터 A 와 B 가 , 를 기준으로 주어집니다. (0 < A, B < 10)',256,'고난도 A + B (5)','각 테스트 케이스마다 A + B 를 개행을 기준으로 출력해주세요.','100','100','5(개행)1,1(개행)2,3(개행)3,4(개행)9,8(개행)5,2','2(개행)5(개행)7(개행)17(개행)7',1,'SILVER3'),(10,'2023-02-10 07:22:26.000000','최고 난이도의 더하기 문제입니다. 두 정수 A와 B를 입력받은 다음, A + B 를 출력하는 프로그램을 작성해주세요. (언어 선택에 유의해주세요! JAVA 선택 시 클래스명은 Main 으로 설정해주세요.)','이 문제는 테스트 케이스가 주어집니다. 첫 줄에 테스트 케이스의 개수 T 가 주어집니다. 첫 줄에는 테스트 케이스의 개수가 주어지며, 다음 줄 부터 A 와 B 가 , 를 기준으로 주어집니다. (0 < A, B < 10)',256,'고난도 A + B (6)','각 테스트 케이스마다 \"Case #x: \"를 출력한 다음, A + B 를 개행을 기준으로 출력해주세요. 테스트 케이스 번호는 1 부터 시작합니다.','100','100','5(개행)1 1(개행)2 3(개행)3 4(개행)9 8(개행)5 2','Case #1: 2(개행)Case #2: 5(개행)Case #3: 7(개행)Case #4: 17(개행)Case #5: 7',1,'DIAMOND2'),(11,'2023-02-10 07:22:26.000000','안툰과 브란카는 이번 여름, 흥미로운 해변을 발견하게 되었습니다. 이 해변은 화물선에서 떨어진 컨테이너에서 바다로 흘러들어온 플라스틱 \'자갈\'로 덮여 있었습니다. 그들은 이 중 일부인 빨간색과 파란색 자갈 n 개를 모아서 가을이 되어서도 이를 가지고 놀고 있습니다. 그들은 이제 서로 번갈아가며, 한 번에 한 쪽 끝에서 하나의 자갈을 제거하면서 게임을 진행합니다. 이 때, 누군가가 k 개의 빨간색 자갈을 모으면 그 사람이 패배합니다. 안툰이 먼저 움직이고, 브란카가 어떤 움직임을 해도 안툰이 이길 수 있는 방법이 있는지 궁금합니다. 이를 판단할 수 있는 프로그램을 작성해주세요. (언어 선택에 유의해주세요! JAVA 선택 시 클래스명은 Main 으로 설정해주세요.)','첫 번째 줄은 두 개의 정수 n 과 k(1 ≤ k < n ≤350)를 포함합니다. 두 번째 줄은 n 개의 문자 C 또는 P 의 시퀀스를 포함하며, 여기서 C 는 빨간색 조약돌을, P 는 파란색 조약돌을 의미합니다. 문자 C 는 최소 2k-1 번 나타냅니다.',256,'안툰과 브랑카','안툰이 브랑카의 움직임과 상관없이 이길 수 있다면 DA 를 출력하고, 그렇지 않다면 NE 를 출력해주세요.','100','100','4 1(개행)CCCP','DA',2,'GOLD3'),(12,'2023-02-10 07:22:26.000000','0 에서 9 까지의 숫자로 이루어진 계단 수는 인접한 자리수의 차이가 1 인 수입니다. 예를 들어, 45656 과 232345 같은 수가 계단 수입니다. N 자리 수에서 계단 수가 몇 개 있는지 구하는 프로그램을 작성하세요.  (언어 선택에 유의해주세요! JAVA 선택 시 클래스명은 Main 으로 설정해주세요.)','첫째 줄에 N (1 ≤ N ≤ 100)이 주어집니다.',256,'쉬운 계단 수','첫째 줄에 N 자리 수에서 계단 수가 몇 개 있는지 출력합니다. 1,000,000,000 으로 나눈 나머지를 출력해주세요.','100','100','1','9',2,'GOLD2'),(13,'2023-02-10 07:22:26.000000','사파리 월드는 인터넷으로만 존재하는 미스테리한 나라입니다. 사파리 월드에는 2 개의 서브 도메인이 seunghwan.royal.gov.sw 와 kyuhyun.royal.gov.sw 이 있는데, 이것이 couple.royal.gov.sw 으로 합쳐질 것입니다. 그러나 도메인 관리 센터 SWNIC(센터장: 정도형(feat. 논산))에는 엄격한 룰이 있습니다. 두 서브 도메인을 합칠 때, 유명도의 차이가 너무 차이나지 않을 경우에만 두 서브 도메인을 결혼시키는 것입니다. 서브 도메인의 유명도는 정수입니다. 두 서브 도메인의 유명도가 주어졌을 때, 그 차이를 구하는 프로그램을 작성해주세요. (언어 선택에 유의해주세요! JAVA 선택 시 클래스명은 Main 으로 설정해주세요.)','첫째 줄에 두 도메인의 유명도 N 과 M 이 주어집니다. (-10 ≤ N, M ≤ 10)',128,'사파리 월드','첫째 줄에 두 유명도의 차이 (|N - M|)을 출력헤주세요.','100','100','-2 5','7',1,'GOLD1'),(14,'2023-02-10 07:22:26.000000','Hello World!를 출력하세요!! (언어 선택에 유의해주세요! JAVA 선택 시 클래스명은 Main 으로 설정해주세요.)','이 문제는 입력이 없습니다.',128,'Hello World!','첫째 줄에 Hello World! 를 출력해주세요. 개행은 없습니다!','100','100','이 문제는 입력 예제가 없습니다.','Hello World!',1,'PLATINUM1'),(15,'2023-02-10 07:22:26.000000','알파벳 소문자, 대문자, 숫자 0-9중 하나가 주어졌을 때, 주어진 글자의 아스키 코드값을 출력하는 프로그램을 작성하시오. (언어 선택에 유의해주세요! JAVA 선택 시 클래스명은 Main 으로 설정해주세요.)','알파벳 소문자, 대문자, 숫자 0-9 중 하나가 첫째 줄에 주어진다.',256,'아스키 코드','입력으로 주어진 글자의 아스키 코드 값을 출력한다.','100','100','A','65',1,'DIAMOND1');
/*!40000 ALTER TABLE `problem_tb` ENABLE KEYS */;
UNLOCK TABLES;

--
-- Table structure for table `test_prob_submit_log_tb`
--

DROP TABLE IF EXISTS `test_prob_submit_log_tb`;
/*!40101 SET @saved_cs_client     = @@character_set_client */;
/*!50503 SET character_set_client = utf8mb4 */;
CREATE TABLE `test_prob_submit_log_tb` (
  `test_prob_submit_log_no` int NOT NULL AUTO_INCREMENT,
  `user_id` varchar(255) NOT NULL,
  `prob_no` int NOT NULL,
  `is_correct` int DEFAULT NULL,
  `submit_time` datetime DEFAULT NULL,
  PRIMARY KEY (`test_prob_submit_log_no`)
) ENGINE=InnoDB DEFAULT CHARSET=utf8mb4 COLLATE=utf8mb4_0900_ai_ci;
/*!40101 SET character_set_client = @saved_cs_client */;

--
-- Dumping data for table `test_prob_submit_log_tb`
--

LOCK TABLES `test_prob_submit_log_tb` WRITE;
/*!40000 ALTER TABLE `test_prob_submit_log_tb` DISABLE KEYS */;
/*!40000 ALTER TABLE `test_prob_submit_log_tb` ENABLE KEYS */;
UNLOCK TABLES;

--
-- Table structure for table `user_level_tb`
--

DROP TABLE IF EXISTS `user_level_tb`;
/*!40101 SET @saved_cs_client     = @@character_set_client */;
/*!50503 SET character_set_client = utf8mb4 */;
CREATE TABLE `user_level_tb` (
  `level` int NOT NULL AUTO_INCREMENT,
  `need_exp` int NOT NULL,
  `sum_exp` int NOT NULL,
  PRIMARY KEY (`level`)
) ENGINE=InnoDB AUTO_INCREMENT=101 DEFAULT CHARSET=utf8mb4 COLLATE=utf8mb4_0900_ai_ci;
/*!40101 SET character_set_client = @saved_cs_client */;

--
-- Dumping data for table `user_level_tb`
--

LOCK TABLES `user_level_tb` WRITE;
/*!40000 ALTER TABLE `user_level_tb` DISABLE KEYS */;
INSERT INTO `user_level_tb` VALUES (1,100,1),(2,100,101),(3,100,201),(4,100,301),(5,100,401),(6,100,501),(7,100,601),(8,100,701),(9,100,801),(10,200,901),(11,200,1101),(12,200,1301),(13,200,1501),(14,200,1701),(15,200,1901),(16,200,2101),(17,200,2301),(18,200,2501),(19,100,2701),(20,400,2801),(21,400,3201),(22,400,3601),(23,400,4001),(24,400,4401),(25,400,4801),(26,400,5201),(27,400,5601),(28,400,6001),(29,200,6401),(30,800,6601),(31,800,7401),(32,800,8201),(33,800,9001),(34,800,9801),(35,800,10601),(36,800,11401),(37,800,12201),(38,800,13001),(39,400,13801),(40,2000,14201),(41,2000,16201),(42,2000,18201),(43,2000,20201),(44,2000,22201),(45,2000,24201),(46,2000,26201),(47,2000,28201),(48,2000,30201),(49,800,32201),(50,3000,33001),(51,3000,36001),(52,3000,39001),(53,3000,42001),(54,3000,45001),(55,3000,48001),(56,3000,51001),(57,3000,54001),(58,3000,57001),(59,2000,60001),(60,5000,62001),(61,5000,67001),(62,5000,72001),(63,5000,77001),(64,5000,82001),(65,5000,87001),(66,5000,92001),(67,5000,97001),(68,5000,102001),(69,3000,107001),(70,25000,110001),(71,25000,135001),(72,25000,160001),(73,25000,185001),(74,25000,210001),(75,25000,235001),(76,25000,260001),(77,25000,285001),(78,25000,310001),(79,25000,335001),(80,36000,360001),(81,36000,396001),(82,36000,432001),(83,36000,468001),(84,36000,504001),(85,100000,540001),(86,100000,640001),(87,100000,740001),(88,100000,840001),(89,100000,940001),(90,135000,1040001),(91,135000,1175001),(92,135000,1310001),(93,135000,1445001),(94,135000,1580001),(95,135000,1715001),(96,135000,1850001),(97,135000,1985001),(98,135000,2120001),(99,999999999,2255001),(100,999999999,1002255000);
/*!40000 ALTER TABLE `user_level_tb` ENABLE KEYS */;
UNLOCK TABLES;

--
-- Table structure for table `user_tb`
--

DROP TABLE IF EXISTS `user_tb`;
/*!40101 SET @saved_cs_client     = @@character_set_client */;
/*!50503 SET character_set_client = utf8mb4 */;
CREATE TABLE `user_tb` (
  `user_id` varchar(255) NOT NULL,
  `email` varchar(255) NOT NULL,
  `encrypted_pwd` varchar(255) NOT NULL,
  `nickname` varchar(20) NOT NULL,
  `original_file_name` varchar(255) DEFAULT NULL,
  `stored_file_name` varchar(255) DEFAULT NULL,
  `file_size` int DEFAULT NULL,
  `created_at` datetime DEFAULT NULL,
  PRIMARY KEY (`user_id`),
  UNIQUE KEY `email` (`email`)
) ENGINE=InnoDB DEFAULT CHARSET=utf8mb4 COLLATE=utf8mb4_0900_ai_ci;
/*!40101 SET character_set_client = @saved_cs_client */;

--
-- Dumping data for table `user_tb`
--

LOCK TABLES `user_tb` WRITE;
/*!40000 ALTER TABLE `user_tb` DISABLE KEYS */;
INSERT INTO `user_tb` VALUES ('06c6f31a-f7d5-436b-9093-cff4f6b679cf','hihi@naver.com','$2a$10$QDwIV.zrr8vPA8hh01XrvuArYgcFLf.JQktY.RERJxqBOQW9PdlRu','전기자','Untitled.png','https://kimjusung-bucket.s3.ap-northeast-2.amazonaws.com/20230216850515428999862.png',36505,'2023-02-16 13:59:01'),('2036c09f-18ed-4a5e-a7dd-2024537cd344','w@naver.com','$2a$10$GO5bgwVMDtGLzNZxqGGTQun.Ia1FJcp5qLL9iBFkD60Bzchxlla6a','김주성w',NULL,NULL,0,'2023-02-17 00:47:53'),('235ba7ae-ba73-4cc4-a5e6-46177f7d5139','u@naver.com','$2a$10$LfsUlahxArbIMRNNSJrEo.BeHuQbzS5.rksHtnwU4DP64ADtMlEXm','uuuu','images (4).jfif','https://kimjusung-bucket.s3.ap-northeast-2.amazonaws.com/20230216896192559111946.jpg',4762,'2023-02-17 02:40:19'),('2917f2ac-5564-4009-b13a-e8df805d587e','f@naver.com','$2a$10$nbsEqm8hpTDFZyjbq3/YFu.u4ZFYW.4q7HCtKwW2XRYRmJ8K04qte','홍정원','images (7).jfif','https://kimjusung-bucket.s3.ap-northeast-2.amazonaws.com/20230215809985024682938.jpg',5038,'2023-02-16 02:40:38'),('367126d2-5cd1-4f90-94c0-cde4fcf5a9ab','dongjuntest@naver.com','$2a$10$/ZMyzb5uxh/u67eXw9mc5u2rpcVl.ZgUltE5CMOuf/ewMoW2iEewC','동준TEST',NULL,NULL,0,'2023-02-16 13:24:56'),('416ce43a-541e-48cf-bc8c-976ad11809ff','tjdud@gmail.com','$2a$10$GGuG3ez1Ko7cd49BrpRHmusc8gipYv7w.kPXV/ga9XYZP3B.d4z0m','갤럭시s',NULL,NULL,0,'2023-02-16 20:46:50'),('50ab7753-6094-4d0e-9c3f-68cdf3461d0a','spirits1221@gmail.com','$2a$10$B4vcjR9sqwKsd47KNgc5Kuc/6pWzu/o20EPlbJttHF.bsv11XXwwK','정연와',NULL,NULL,0,'2023-02-16 16:04:02'),('546c18fb-a140-4c55-b305-4539d53ce39e','garden@gamil.com','$2a$10$JXw2J5BiFslYjJfM0OEP0usUFLOI3vHKfvqY8.9uV5FstmJLY6JnW','garden','swords.png','https://kimjusung-bucket.s3.ap-northeast-2.amazonaws.com/20230216875967707667255.png',13596,'2023-02-16 21:03:14'),('6df1ce02-f350-45aa-92df-6a2f104ed649','garden@gmail.com','$2a$10$TPH/9xUtVYW5ytdSmYzp/eE.7UkPSH2t/f.8n1aqBuA5NjjGc.oSC','garden1234','298543_327805_3633.jpg','https://kimjusung-bucket.s3.ap-northeast-2.amazonaws.com/20230216876023379806739.jpg',180581,'2023-02-16 21:04:09'),('70072a82-b157-4490-8376-1f0a4c5aef1f','wjdtkd4175@naver.com','$2a$10$wHRO/fHgfHYz3vdH/W8MX.k6G9YdasOEM3CWihIGvolU6oIub4BZG','맛덩이','캡처7.PNG','https://kimjusung-bucket.s3.ap-northeast-2.amazonaws.com/20230216854715718758924.png',253752,'2023-02-16 15:09:02'),('707e03ae-8b30-4b29-a266-9d05fee9ff17','ssafy1@naver.com','$2a$10$57nULBbfoD2bttgCbGG.b.hIRoWU2g6rX7EheewXnFfPWKPUaCJhe','ssafy1','images (14).jpg','https://kimjusung-bucket.s3.ap-northeast-2.amazonaws.com/20230216851070184858055.jpg',5744,'2023-02-16 14:08:16'),('ba3dd473-8221-4128-82a6-7cca6517cdc1','a@naver.com','$2a$10$YdFT9Sjdb/usVo6hkundP.4jXZ8Oohusb5QiH8owWMLoMvFQc1nPq','김주성',NULL,NULL,0,'2023-02-16 02:36:11'),('bfc3dcf9-ea34-4678-b923-7a45e02f9013','tjdud@naver.com','$2a$10$y0hkeP8hgWg7cK.o0hFjL.sURCqdtUPSAibHkMBIs0jlCWZT1OLGi','킹주성','war (1).png','https://kimjusung-bucket.s3.ap-northeast-2.amazonaws.com/20230216852344857529157.png',16907,'2023-02-16 14:06:10'),('c1b38e0b-8351-498c-b8f9-41ea7b17d52d','ssafy@ssafy.com','$2a$10$idPKDFdFycB3JAX3.vYoHuKt3LtH94p5n7nR6QBaQJC8/0mDxJL8e','ttttt',NULL,NULL,0,'2023-02-16 21:14:44'),('c9b41204-4204-48d7-86b4-3fdb6133b295','dev.jun125@gmail.com','$2a$10$8NDNvpFB4RU/A/iJwVrkUetNRfL5zcHWTWodCuwf3yrq2mVBr9h5C','JS','Image Pasted at 2022-10-21 20-06.png','https://kimjusung-bucket.s3.ap-northeast-2.amazonaws.com/20230216874093480954326.png',24388,'2023-02-16 20:31:59'),('d915085e-8e8d-4318-8789-ceb870177b6b','d@naver.com','$2a$10$dTDzIzCkl7XQy4Qk6kr/mOvXOSELV3Au1vqrD28APV7Dci0KMD/nO','정도형','정도형서명.png','https://kimjusung-bucket.s3.ap-northeast-2.amazonaws.com/20230217919180452596164.png',11860,'2023-02-16 02:40:15'),('dcbd8079-ef96-4527-955e-360682cc649e','c@naver.com','$2a$10$UHv1.oielOGlvi9.fWz.NOY3GIi1KpYmNbhvh8iXGH5ZK.X4fCBOi','박서영','images.jfif','https://kimjusung-bucket.s3.ap-northeast-2.amazonaws.com/20230215809936386718786.jpg',4611,'2023-02-16 02:38:11'),('e69b1ad7-3ac5-467e-b79f-494b4864f757','test1234@ruu.kr','$2a$10$QM5zr7EQHsZcld/1hmTHMOuWHadJD/luskbYxBeKmg90EXVbjFn2W','1234',NULL,NULL,0,'2023-02-16 03:24:27'),('e8c4c180-55d5-49cd-a1ee-985c2b4826a0','seo@gmail.com','$2a$10$AMBsXh8Ix1zm6oMlKQhfGuLrdpysp2kQu24Lqh/vFmZORPh50/5zG','킹고리즘','1.12adcded-bd0e-4583-92da-20da4b148f5b.jpg','https://kimjusung-bucket.s3.ap-northeast-2.amazonaws.com/20230216874238609277097.jpg',285094,'2023-02-16 20:34:25'),('f63605d3-60b7-4fd7-aca8-2550b86a9b09','z@naver.com','$2a$10$IF3JRLhyxNRBhsjhmUPiVeOCzAe1a410cdIUrvh/uAcm6.GiRuxfy','김주성z',NULL,NULL,0,'2023-02-17 00:47:35'),('fad5c555-5ba4-4062-9282-31c7a6407ea4','b@naver.com','$2a$10$xlQ.9reEwO1qXqK5YWgf0OOKfebWKdi4d9cetfE27Cw3KtuFPbZbu','정연화','images (4).jfif','https://kimjusung-bucket.s3.ap-northeast-2.amazonaws.com/20230215809917719339542.jpg',4762,'2023-02-16 02:37:55'),('fc24f030-24aa-432d-97c9-32d194df265d','e@naver.com','$2a$10$lctL7QZijNSAGdGB1g3DJOWgXAetuFURaRisfwwvR/0Jtgzx4vaP.','전동준','cogi.jpg','https://kimjusung-bucket.s3.ap-northeast-2.amazonaws.com/20230216859529204950565.jpg',326581,'2023-02-16 02:40:27'),('fcd2a9c1-26c8-42bf-a484-ba90215ffb9a','s@s.com','$2a$10$/heJbts3bi9bzW1NYYQV/ehYeK/lqnubQ0Vo9B5sxYtykc.whiS92','s',NULL,NULL,0,'2023-02-17 00:20:29');
/*!40000 ALTER TABLE `user_tb` ENABLE KEYS */;
UNLOCK TABLES;

--
-- Table structure for table `user_tier_tb`
--

DROP TABLE IF EXISTS `user_tier_tb`;
/*!40101 SET @saved_cs_client     = @@character_set_client */;
/*!50503 SET character_set_client = utf8mb4 */;
CREATE TABLE `user_tier_tb` (
  `tier` varchar(20) NOT NULL,
  `min_mmr` int NOT NULL,
  `max_mmr` int NOT NULL,
  PRIMARY KEY (`tier`)
) ENGINE=InnoDB DEFAULT CHARSET=utf8mb4 COLLATE=utf8mb4_0900_ai_ci;
/*!40101 SET character_set_client = @saved_cs_client */;

--
-- Dumping data for table `user_tier_tb`
--

LOCK TABLES `user_tier_tb` WRITE;
/*!40000 ALTER TABLE `user_tier_tb` DISABLE KEYS */;
INSERT INTO `user_tier_tb` VALUES ('ALCOL1',2501,10000),('BRONZE1',1026,1100),('BRONZE2',951,1025),('BRONZE3',876,950),('BRONZE4',801,875),('BRONZE5',0,800),('DIAMOND1',2426,2500),('DIAMOND2',2351,2425),('DIAMOND3',2276,2350),('DIAMOND4',2201,2275),('DIAMOND5',2151,2200),('GOLD1',1726,1800),('GOLD2',1651,1725),('GOLD3',1576,1650),('GOLD4',1501,1575),('GOLD5',1451,1500),('PLATINUM1',2076,2150),('PLATINUM2',2001,2075),('PLATINUM3',1926,2000),('PLATINUM4',1851,1925),('PLATINUM5',1801,1850),('SILVER1',1376,1450),('SILVER2',1301,1375),('SILVER3',1226,1300),('SILVER4',1151,1225),('SILVER5',1101,1150);
/*!40000 ALTER TABLE `user_tier_tb` ENABLE KEYS */;
UNLOCK TABLES;
/*!40103 SET TIME_ZONE=@OLD_TIME_ZONE */;

/*!40101 SET SQL_MODE=@OLD_SQL_MODE */;
/*!40014 SET FOREIGN_KEY_CHECKS=@OLD_FOREIGN_KEY_CHECKS */;
/*!40014 SET UNIQUE_CHECKS=@OLD_UNIQUE_CHECKS */;
/*!40101 SET CHARACTER_SET_CLIENT=@OLD_CHARACTER_SET_CLIENT */;
/*!40101 SET CHARACTER_SET_RESULTS=@OLD_CHARACTER_SET_RESULTS */;
/*!40101 SET COLLATION_CONNECTION=@OLD_COLLATION_CONNECTION */;
/*!40111 SET SQL_NOTES=@OLD_SQL_NOTES */;

-- Dump completed on 2023-02-17 11:02:02
